;deputado_id;deputado_nome;deputado_siglaPartido;Cluster;income;freq
174;204515;André Janones;AVANTE;2;2293449-187;0.0
1425;204476;Chiquinho Brazão;AVANTE;0;531331-317;1.0
1787;197438;Tito;AVANTE;1;2166595-59;1.0
1440;204515;André Janones;AVANTE;2;531331-317;0.0
1636;204476;Chiquinho Brazão;AVANTE;0;531331-284;0.0
521;197438;Tito;AVANTE;1;2275537-102;1.0
1862;204515;André Janones;AVANTE;2;2166595-59;1.0
732;197438;Tito;AVANTE;1;2165194-130;1.0
1003;204476;Chiquinho Brazão;AVANTE;0;2210757-104;0.0
792;204476;Chiquinho Brazão;AVANTE;0;2165194-130;1.0
1651;204515;André Janones;AVANTE;2;531331-284;1.0
310;197438;Tito;AVANTE;1;2275537-117;1.0
1018;204515;André Janones;AVANTE;2;2210757-104;1.0
1576;197438;Tito;AVANTE;1;531331-284;0.0
581;204476;Chiquinho Brazão;AVANTE;0;2275537-102;0.0
943;197438;Tito;AVANTE;1;2210757-104;1.0
99;197438;Tito;AVANTE;1;2293449-187;1.0
1154;197438;Tito;AVANTE;1;2210757-93;1.0
807;204515;André Janones;AVANTE;2;2165194-130;1.0
370;204476;Chiquinho Brazão;AVANTE;0;2275537-117;0.0
385;204515;André Janones;AVANTE;2;2275537-117;1.0
596;204515;André Janones;AVANTE;2;2275537-102;1.0
159;204476;Chiquinho Brazão;AVANTE;0;2293449-187;1.0
1214;204476;Chiquinho Brazão;AVANTE;0;2210757-93;1.0
1847;204476;Chiquinho Brazão;AVANTE;0;2166595-59;1.0
1365;197438;Tito;AVANTE;1;531331-317;1.0
1229;204515;André Janones;AVANTE;2;2210757-93;1.0
1340;178916;Daniel Coelho;CIDADANIA;1;531331-317;0.0
523;204355;Da Vitória;CIDADANIA;1;2275537-102;0.0
285;178916;Daniel Coelho;CIDADANIA;1;2275537-117;1.0
496;178916;Daniel Coelho;CIDADANIA;1;2275537-102;1.0
1592;204377;Paula Belmonte;CIDADANIA;2;531331-284;1.0
272;164360;Carmen Zanotto;CIDADANIA;1;2275537-117;1.0
509;178972;Alex Manente;CIDADANIA;0;2275537-102;0.0
1058;73466;Rubens Bueno;CIDADANIA;1;2210757-93;1.0
74;178916;Daniel Coelho;CIDADANIA;1;2293449-187;1.0
1803;204377;Paula Belmonte;CIDADANIA;2;2166595-59;1.0
1353;178972;Alex Manente;CIDADANIA;0;531331-317;0.0
748;204377;Paula Belmonte;CIDADANIA;2;2165194-130;1.0
537;204377;Paula Belmonte;CIDADANIA;2;2275537-102;1.0
636;73466;Rubens Bueno;CIDADANIA;1;2165194-130;1.0
1170;204377;Paula Belmonte;CIDADANIA;2;2210757-93;1.0
1691;73466;Rubens Bueno;CIDADANIA;1;2166595-59;1.0
1156;204355;Da Vitória;CIDADANIA;1;2210757-93;1.0
214;73466;Rubens Bueno;CIDADANIA;1;2275537-117;1.0
1269;73466;Rubens Bueno;CIDADANIA;1;531331-317;0.0
694;164360;Carmen Zanotto;CIDADANIA;1;2165194-130;1.0
1142;178972;Alex Manente;CIDADANIA;0;2210757-93;1.0
1749;164360;Carmen Zanotto;CIDADANIA;1;2166595-59;1.0
101;204355;Da Vitória;CIDADANIA;1;2293449-187;1.0
707;178916;Daniel Coelho;CIDADANIA;1;2165194-130;1.0
1762;178916;Daniel Coelho;CIDADANIA;1;2166595-59;1.0
1129;178916;Daniel Coelho;CIDADANIA;1;2210757-93;1.0
734;204355;Da Vitória;CIDADANIA;1;2165194-130;1.0
1116;164360;Carmen Zanotto;CIDADANIA;1;2210757-93;1.0
1775;178972;Alex Manente;CIDADANIA;0;2166595-59;1.0
115;204377;Paula Belmonte;CIDADANIA;2;2293449-187;0.0
1367;204355;Da Vitória;CIDADANIA;1;531331-317;0.0
1789;204355;Da Vitória;CIDADANIA;1;2166595-59;1.0
1327;164360;Carmen Zanotto;CIDADANIA;1;531331-317;0.0
720;178972;Alex Manente;CIDADANIA;0;2165194-130;1.0
483;164360;Carmen Zanotto;CIDADANIA;1;2275537-102;1.0
87;178972;Alex Manente;CIDADANIA;0;2293449-187;1.0
959;204377;Paula Belmonte;CIDADANIA;2;2210757-104;1.0
61;164360;Carmen Zanotto;CIDADANIA;1;2293449-187;1.0
312;204355;Da Vitória;CIDADANIA;1;2275537-117;1.0
1551;178916;Daniel Coelho;CIDADANIA;1;531331-284;0.0
425;73466;Rubens Bueno;CIDADANIA;1;2275537-102;1.0
847;73466;Rubens Bueno;CIDADANIA;1;2210757-104;1.0
1538;164360;Carmen Zanotto;CIDADANIA;1;531331-284;0.0
1564;178972;Alex Manente;CIDADANIA;0;531331-284;0.0
945;204355;Da Vitória;CIDADANIA;1;2210757-104;1.0
298;178972;Alex Manente;CIDADANIA;0;2275537-117;0.0
1480;73466;Rubens Bueno;CIDADANIA;1;531331-284;0.0
931;178972;Alex Manente;CIDADANIA;0;2210757-104;1.0
326;204377;Paula Belmonte;CIDADANIA;2;2275537-117;1.0
1578;204355;Da Vitória;CIDADANIA;1;531331-284;0.0
3;73466;Rubens Bueno;CIDADANIA;1;2293449-187;1.0
918;178916;Daniel Coelho;CIDADANIA;1;2210757-104;1.0
1381;204377;Paula Belmonte;CIDADANIA;2;531331-317;0.0
905;164360;Carmen Zanotto;CIDADANIA;1;2210757-104;1.0
541;204386;Jose Mario Schreiner;DEM;1;2275537-102;1.0
963;204386;Jose Mario Schreiner;DEM;1;2210757-104;1.0
119;204386;Jose Mario Schreiner;DEM;1;2293449-187;1.0
330;204386;Jose Mario Schreiner;DEM;1;2275537-117;1.0
554;204412;Dr. Zacharias Calil;DEM;1;2275537-102;1.0
1644;204498;Olival Marques;DEM;0;531331-284;0.0
1187;204412;Dr. Zacharias Calil;DEM;1;2210757-93;1.0
1119;178836;Alan Rick;DEM;1;2210757-93;1.0
908;178836;Alan Rick;DEM;1;2210757-104;1.0
167;204498;Olival Marques;DEM;0;2293449-187;1.0
1127;178909;Hélio Leite;DEM;1;2210757-93;1.0
1110;160639;Professora Dorinha Seabra Rezende;DEM;0;2210757-93;1.0
1321;160639;Professora Dorinha Seabra Rezende;DEM;0;531331-317;1.0
1549;178909;Hélio Leite;DEM;1;531331-284;0.0
132;204412;Dr. Zacharias Calil;DEM;1;2293449-187;1.0
1541;178836;Alan Rick;DEM;1;531331-284;0.0
1760;178909;Hélio Leite;DEM;1;2166595-59;1.0
705;178909;Hélio Leite;DEM;1;2165194-130;1.0
1174;204386;Jose Mario Schreiner;DEM;1;2210757-93;1.0
378;204498;Olival Marques;DEM;0;2275537-117;0.0
343;204412;Dr. Zacharias Calil;DEM;1;2275537-117;0.0
697;178836;Alan Rick;DEM;1;2165194-130;1.0
1743;160639;Professora Dorinha Seabra Rezende;DEM;0;2166595-59;1.0
688;160639;Professora Dorinha Seabra Rezende;DEM;0;2165194-130;1.0
1532;160639;Professora Dorinha Seabra Rezende;DEM;0;531331-284;0.0
589;204498;Olival Marques;DEM;0;2275537-102;0.0
1222;204498;Olival Marques;DEM;0;2210757-93;1.0
899;160639;Professora Dorinha Seabra Rezende;DEM;0;2210757-104;1.0
1752;178836;Alan Rick;DEM;1;2166595-59;1.0
916;178909;Hélio Leite;DEM;1;2210757-104;1.0
266;160639;Professora Dorinha Seabra Rezende;DEM;0;2275537-117;0.0
55;160639;Professora Dorinha Seabra Rezende;DEM;0;2293449-187;1.0
1855;204498;Olival Marques;DEM;0;2166595-59;1.0
1385;204386;Jose Mario Schreiner;DEM;1;531331-317;1.0
72;178909;Hélio Leite;DEM;1;2293449-187;1.0
275;178836;Alan Rick;DEM;1;2275537-117;1.0
1807;204386;Jose Mario Schreiner;DEM;1;2166595-59;1.0
1820;204412;Dr. Zacharias Calil;DEM;1;2166595-59;1.0
1609;204412;Dr. Zacharias Calil;DEM;1;531331-284;0.0
1596;204386;Jose Mario Schreiner;DEM;1;531331-284;0.0
1398;204412;Dr. Zacharias Calil;DEM;1;531331-317;1.0
765;204412;Dr. Zacharias Calil;DEM;1;2165194-130;1.0
283;178909;Hélio Leite;DEM;1;2275537-117;1.0
477;160639;Professora Dorinha Seabra Rezende;DEM;0;2275537-102;0.0
1338;178909;Hélio Leite;DEM;1;531331-317;1.0
1330;178836;Alan Rick;DEM;1;531331-317;1.0
800;204498;Olival Marques;DEM;0;2165194-130;1.0
976;204412;Dr. Zacharias Calil;DEM;1;2210757-104;1.0
1011;204498;Olival Marques;DEM;0;2210757-104;1.0
486;178836;Alan Rick;DEM;1;2275537-102;1.0
64;178836;Alan Rick;DEM;1;2293449-187;1.0
1433;204498;Olival Marques;DEM;0;531331-317;1.0
752;204386;Jose Mario Schreiner;DEM;1;2165194-130;1.0
494;178909;Hélio Leite;DEM;1;2275537-102;1.0
1355;178981;Herculano Passos;MDB;1;531331-317;1.0
1362;178996;Giovani Feltes;MDB;1;531331-317;0.0
1523;160559;Alceu Moreira;MDB;1;531331-284;0.0
1635;204474;Juarez Costa;MDB;0;531331-284;0.0
1241;204539;Hercílio Coelho Diniz;MDB;0;2210757-93;1.0
1512;141523;Raul Henry;MDB;1;531331-284;0.0
1483;73692;Osmar Terra;MDB;1;531331-284;0.0
1694;73692;Osmar Terra;MDB;1;2166595-59;1.0
639;73692;Osmar Terra;MDB;1;2165194-130;1.0
479;160651;Rogério Peninha Mendonça;MDB;0;2275537-102;0.0
186;204539;Hercílio Coelho Diniz;MDB;0;2293449-187;1.0
608;204539;Hercílio Coelho Diniz;MDB;0;2275537-102;0.0
217;73692;Osmar Terra;MDB;1;2275537-117;1.0
580;204474;Juarez Costa;MDB;0;2275537-102;0.0
397;204539;Hercílio Coelho Diniz;MDB;0;2275537-117;0.0
1566;178981;Herculano Passos;MDB;1;531331-284;0.0
1329;171623;Fabio Reis;MDB;0;531331-317;1.0
428;73692;Osmar Terra;MDB;1;2275537-102;1.0
1323;160651;Rogério Peninha Mendonça;MDB;0;531331-317;0.0
257;160559;Alceu Moreira;MDB;1;2275537-117;0.0
1424;204474;Juarez Costa;MDB;0;531331-317;1.0
246;141523;Raul Henry;MDB;1;2275537-117;1.0
307;178996;Giovani Feltes;MDB;1;2275537-117;0.0
1573;178996;Giovani Feltes;MDB;1;531331-284;0.0
457;141523;Raul Henry;MDB;1;2275537-102;1.0
1312;160559;Alceu Moreira;MDB;1;531331-317;1.0
1301;141523;Raul Henry;MDB;1;531331-317;1.0
518;178996;Giovani Feltes;MDB;1;2275537-102;1.0
268;160651;Rogério Peninha Mendonça;MDB;0;2275537-117;0.0
1540;171623;Fabio Reis;MDB;0;531331-284;0.0
511;178981;Herculano Passos;MDB;1;2275537-102;1.0
1213;204474;Juarez Costa;MDB;0;2210757-93;1.0
468;160559;Alceu Moreira;MDB;1;2275537-102;1.0
1452;204539;Hercílio Coelho Diniz;MDB;0;531331-317;1.0
274;171623;Fabio Reis;MDB;0;2275537-117;0.0
1534;160651;Rogério Peninha Mendonça;MDB;0;531331-284;1.0
300;178981;Herculano Passos;MDB;1;2275537-117;0.0
1272;73692;Osmar Terra;MDB;1;531331-317;1.0
1663;204539;Hercílio Coelho Diniz;MDB;0;531331-284;0.0
485;171623;Fabio Reis;MDB;0;2275537-102;0.0
369;204474;Juarez Costa;MDB;0;2275537-117;0.0
1061;73692;Osmar Terra;MDB;1;2210757-93;1.0
850;73692;Osmar Terra;MDB;1;2210757-104;1.0
1734;160559;Alceu Moreira;MDB;1;2166595-59;1.0
690;160651;Rogério Peninha Mendonça;MDB;0;2165194-130;1.0
46;160559;Alceu Moreira;MDB;1;2293449-187;1.0
1745;160651;Rogério Peninha Mendonça;MDB;0;2166595-59;1.0
1002;204474;Juarez Costa;MDB;0;2210757-104;1.0
696;171623;Fabio Reis;MDB;0;2165194-130;1.0
1846;204474;Juarez Costa;MDB;0;2166595-59;1.0
57;160651;Rogério Peninha Mendonça;MDB;0;2293449-187;1.0
1144;178981;Herculano Passos;MDB;1;2210757-93;1.0
819;204539;Hercílio Coelho Diniz;MDB;0;2165194-130;1.0
679;160559;Alceu Moreira;MDB;1;2165194-130;1.0
63;171623;Fabio Reis;MDB;0;2293449-187;1.0
722;178981;Herculano Passos;MDB;1;2165194-130;1.0
1030;204539;Hercílio Coelho Diniz;MDB;0;2210757-104;1.0
791;204474;Juarez Costa;MDB;0;2165194-130;1.0
729;178996;Giovani Feltes;MDB;1;2165194-130;1.0
1118;171623;Fabio Reis;MDB;0;2210757-93;1.0
1777;178981;Herculano Passos;MDB;1;2166595-59;1.0
1112;160651;Rogério Peninha Mendonça;MDB;0;2210757-93;1.0
89;178981;Herculano Passos;MDB;1;2293449-187;1.0
96;178996;Giovani Feltes;MDB;1;2293449-187;1.0
1784;178996;Giovani Feltes;MDB;1;2166595-59;1.0
1101;160559;Alceu Moreira;MDB;1;2210757-93;1.0
1751;171623;Fabio Reis;MDB;0;2166595-59;1.0
35;141523;Raul Henry;MDB;1;2293449-187;0.0
1151;178996;Giovani Feltes;MDB;1;2210757-93;1.0
940;178996;Giovani Feltes;MDB;1;2210757-104;1.0
907;171623;Fabio Reis;MDB;0;2210757-104;1.0
6;73692;Osmar Terra;MDB;1;2293449-187;1.0
901;160651;Rogério Peninha Mendonça;MDB;0;2210757-104;1.0
933;178981;Herculano Passos;MDB;1;2210757-104;1.0
890;160559;Alceu Moreira;MDB;1;2210757-104;1.0
158;204474;Juarez Costa;MDB;0;2293449-187;1.0
879;141523;Raul Henry;MDB;1;2210757-104;1.0
668;141523;Raul Henry;MDB;1;2165194-130;1.0
1723;141523;Raul Henry;MDB;1;2166595-59;1.0
1874;204539;Hercílio Coelho Diniz;MDB;0;2166595-59;1.0
1090;141523;Raul Henry;MDB;1;2210757-93;1.0
529;204365;Gilson Marques;NOVO;2;2275537-102;1.0
809;204519;Tiago Mitraud;NOVO;2;2165194-130;0.0
39;156190;Marcel van Hattem;NOVO;2;2293449-187;0.0
808;204516;Alexis Fonteyne;NOVO;2;2165194-130;1.0
1442;204519;Tiago Mitraud;NOVO;2;531331-317;0.0
395;204532;Vinicius Poit;NOVO;2;2275537-117;1.0
393;204528;Adriana Ventura;NOVO;2;2275537-117;1.0
391;204523;Lucas Gonzalez;NOVO;2;2275537-117;1.0
387;204519;Tiago Mitraud;NOVO;2;2275537-117;1.0
785;204461;Paulo Ganime;NOVO;2;2165194-130;0.0
175;204516;Alexis Fonteyne;NOVO;2;2293449-187;0.0
386;204516;Alexis Fonteyne;NOVO;2;2275537-117;1.0
1516;156190;Marcel van Hattem;NOVO;2;531331-284;1.0
1868;204523;Lucas Gonzalez;NOVO;2;2166595-59;0.0
1441;204516;Alexis Fonteyne;NOVO;2;531331-317;0.0
363;204461;Paulo Ganime;NOVO;2;2275537-117;1.0
1795;204365;Gilson Marques;NOVO;2;2166595-59;0.0
1870;204528;Adriana Ventura;NOVO;2;2166595-59;0.0
1028;204532;Vinicius Poit;NOVO;2;2210757-104;1.0
996;204461;Paulo Ganime;NOVO;2;2210757-104;1.0
1026;204528;Adriana Ventura;NOVO;2;2210757-104;1.0
815;204528;Adriana Ventura;NOVO;2;2165194-130;0.0
951;204365;Gilson Marques;NOVO;2;2210757-104;1.0
1872;204532;Vinicius Poit;NOVO;2;2166595-59;0.0
1446;204523;Lucas Gonzalez;NOVO;2;531331-317;0.0
461;156190;Marcel van Hattem;NOVO;2;2275537-102;1.0
1448;204528;Adriana Ventura;NOVO;2;531331-317;0.0
1019;204516;Alexis Fonteyne;NOVO;2;2210757-104;1.0
1450;204532;Vinicius Poit;NOVO;2;531331-317;0.0
1020;204519;Tiago Mitraud;NOVO;2;2210757-104;1.0
1863;204516;Alexis Fonteyne;NOVO;2;2166595-59;0.0
1024;204523;Lucas Gonzalez;NOVO;2;2210757-104;1.0
1864;204519;Tiago Mitraud;NOVO;2;2166595-59;0.0
883;156190;Marcel van Hattem;NOVO;2;2210757-104;1.0
1373;204365;Gilson Marques;NOVO;2;531331-317;0.0
1418;204461;Paulo Ganime;NOVO;2;531331-317;0.0
1584;204365;Gilson Marques;NOVO;2;531331-284;1.0
1840;204461;Paulo Ganime;NOVO;2;2166595-59;0.0
817;204532;Vinicius Poit;NOVO;2;2165194-130;1.0
813;204523;Lucas Gonzalez;NOVO;2;2165194-130;1.0
318;204365;Gilson Marques;NOVO;2;2275537-117;1.0
176;204519;Tiago Mitraud;NOVO;2;2293449-187;0.0
184;204532;Vinicius Poit;NOVO;2;2293449-187;0.0
597;204516;Alexis Fonteyne;NOVO;2;2275537-102;1.0
598;204519;Tiago Mitraud;NOVO;2;2275537-102;1.0
602;204523;Lucas Gonzalez;NOVO;2;2275537-102;1.0
1661;204532;Vinicius Poit;NOVO;2;531331-284;1.0
604;204528;Adriana Ventura;NOVO;2;2275537-102;1.0
1659;204528;Adriana Ventura;NOVO;2;531331-284;1.0
606;204532;Vinicius Poit;NOVO;2;2275537-102;1.0
1629;204461;Paulo Ganime;NOVO;2;531331-284;1.0
574;204461;Paulo Ganime;NOVO;2;2275537-102;1.0
182;204528;Adriana Ventura;NOVO;2;2293449-187;0.0
1657;204523;Lucas Gonzalez;NOVO;2;531331-284;1.0
1653;204519;Tiago Mitraud;NOVO;2;531331-284;1.0
1652;204516;Alexis Fonteyne;NOVO;2;531331-284;1.0
1305;156190;Marcel van Hattem;NOVO;2;531331-317;0.0
1239;204532;Vinicius Poit;NOVO;2;2210757-93;1.0
180;204523;Lucas Gonzalez;NOVO;2;2293449-187;0.0
152;204461;Paulo Ganime;NOVO;2;2293449-187;0.0
1231;204519;Tiago Mitraud;NOVO;2;2210757-93;1.0
1235;204523;Lucas Gonzalez;NOVO;2;2210757-93;1.0
1237;204528;Adriana Ventura;NOVO;2;2210757-93;1.0
1162;204365;Gilson Marques;NOVO;2;2210757-93;1.0
107;204365;Gilson Marques;NOVO;2;2293449-187;0.0
1230;204516;Alexis Fonteyne;NOVO;2;2210757-93;1.0
250;156190;Marcel van Hattem;NOVO;2;2275537-117;1.0
1094;156190;Marcel van Hattem;NOVO;2;2210757-93;1.0
1207;204461;Paulo Ganime;NOVO;2;2210757-93;1.0
740;204365;Gilson Marques;NOVO;2;2165194-130;1.0
672;156190;Marcel van Hattem;NOVO;2;2165194-130;1.0
1727;156190;Marcel van Hattem;NOVO;2;2166595-59;0.0
642;73943;Perpétua Almeida;PCdoB;0;2165194-130;1.0
1697;73943;Perpétua Almeida;PCdoB;0;2166595-59;1.0
1569;178987;Orlando Silva;PCdoB;0;531331-284;1.0
1709;74848;Jandira Feghali;PCdoB;0;2166595-59;1.0
434;74060;Daniel Almeida;PCdoB;0;2275537-102;0.0
443;74848;Jandira Feghali;PCdoB;0;2275537-102;0.0
936;178987;Orlando Silva;PCdoB;0;2210757-104;1.0
853;73943;Perpétua Almeida;PCdoB;0;2210757-104;1.0
431;73943;Perpétua Almeida;PCdoB;0;2275537-102;0.0
12;74060;Daniel Almeida;PCdoB;0;2293449-187;0.0
855;74057;Alice Portugal;PCdoB;0;2210757-104;1.0
856;74060;Daniel Almeida;PCdoB;0;2210757-104;1.0
865;74848;Jandira Feghali;PCdoB;0;2210757-104;1.0
433;74057;Alice Portugal;PCdoB;0;2275537-102;0.0
1699;74057;Alice Portugal;PCdoB;0;2166595-59;1.0
222;74057;Alice Portugal;PCdoB;0;2275537-117;0.0
1358;178987;Orlando Silva;PCdoB;0;531331-317;1.0
92;178987;Orlando Silva;PCdoB;0;2293449-187;0.0
1067;74060;Daniel Almeida;PCdoB;0;2210757-93;1.0
1066;74057;Alice Portugal;PCdoB;0;2210757-93;1.0
514;178987;Orlando Silva;PCdoB;0;2275537-102;0.0
1064;73943;Perpétua Almeida;PCdoB;0;2210757-93;1.0
1488;74057;Alice Portugal;PCdoB;0;531331-284;0.0
654;74848;Jandira Feghali;PCdoB;0;2165194-130;1.0
725;178987;Orlando Silva;PCdoB;0;2165194-130;1.0
1486;73943;Perpétua Almeida;PCdoB;0;531331-284;0.0
303;178987;Orlando Silva;PCdoB;0;2275537-117;0.0
1700;74060;Daniel Almeida;PCdoB;0;2166595-59;1.0
645;74060;Daniel Almeida;PCdoB;0;2165194-130;1.0
9;73943;Perpétua Almeida;PCdoB;0;2293449-187;0.0
1780;178987;Orlando Silva;PCdoB;0;2166595-59;1.0
1287;74848;Jandira Feghali;PCdoB;0;531331-317;1.0
1489;74060;Daniel Almeida;PCdoB;0;531331-284;0.0
232;74848;Jandira Feghali;PCdoB;0;2275537-117;0.0
1498;74848;Jandira Feghali;PCdoB;0;531331-284;0.0
1278;74060;Daniel Almeida;PCdoB;0;531331-317;1.0
1277;74057;Alice Portugal;PCdoB;0;531331-317;1.0
11;74057;Alice Portugal;PCdoB;0;2293449-187;0.0
644;74057;Alice Portugal;PCdoB;0;2165194-130;1.0
1147;178987;Orlando Silva;PCdoB;0;2210757-93;1.0
1275;73943;Perpétua Almeida;PCdoB;0;531331-317;1.0
223;74060;Daniel Almeida;PCdoB;0;2275537-117;0.0
21;74848;Jandira Feghali;PCdoB;0;2293449-187;0.0
220;73943;Perpétua Almeida;PCdoB;0;2275537-117;0.0
1076;74848;Jandira Feghali;PCdoB;0;2210757-93;1.0
665;141439;Chico D`Angelo;PDT;2;2165194-130;1.0
1482;73486;Pompeo de Mattos;PDT;2;531331-284;0.0
399;204541;Eduardo Bismarck;PDT;1;2275537-117;1.0
664;141411;Dagoberto Nogueira;PDT;2;2165194-130;1.0
396;204533;Idilvan Alencar;PDT;2;2275537-117;1.0
662;133968;Paulo Ramos;PDT;2;2165194-130;1.0
1454;204541;Eduardo Bismarck;PDT;1;531331-317;0.0
638;73486;Pompeo de Mattos;PDT;2;2165194-130;1.0
1087;141439;Chico D`Angelo;PDT;2;2210757-93;1.0
876;141439;Chico D`Angelo;PDT;2;2210757-104;1.0
1086;141411;Dagoberto Nogueira;PDT;2;2210757-93;1.0
1084;133968;Paulo Ramos;PDT;2;2210757-93;1.0
527;204360;Silvia Cristina;PDT;1;2275537-102;1.0
1060;73486;Pompeo de Mattos;PDT;2;2210757-93;1.0
738;204360;Silvia Cristina;PDT;1;2165194-130;1.0
1032;204541;Eduardo Bismarck;PDT;1;2210757-104;1.0
1029;204533;Idilvan Alencar;PDT;2;2210757-104;1.0
1298;141439;Chico D`Angelo;PDT;2;531331-317;0.0
1297;141411;Dagoberto Nogueira;PDT;2;531331-317;0.0
1295;133968;Paulo Ramos;PDT;2;531331-317;0.0
1371;204360;Silvia Cristina;PDT;1;531331-317;1.0
818;204533;Idilvan Alencar;PDT;2;2165194-130;1.0
821;204541;Eduardo Bismarck;PDT;1;2165194-130;1.0
1271;73486;Pompeo de Mattos;PDT;2;531331-317;0.0
1160;204360;Silvia Cristina;PDT;1;2210757-93;1.0
849;73486;Pompeo de Mattos;PDT;2;2210757-104;1.0
454;141439;Chico D`Angelo;PDT;2;2275537-102;0.0
451;133968;Paulo Ramos;PDT;2;2275537-102;0.0
607;204533;Idilvan Alencar;PDT;2;2275537-102;0.0
610;204541;Eduardo Bismarck;PDT;1;2275537-102;0.0
1243;204541;Eduardo Bismarck;PDT;1;2210757-93;1.0
1240;204533;Idilvan Alencar;PDT;2;2210757-93;1.0
427;73486;Pompeo de Mattos;PDT;2;2275537-102;1.0
873;133968;Paulo Ramos;PDT;2;2210757-104;1.0
875;141411;Dagoberto Nogueira;PDT;2;2210757-104;1.0
1451;204533;Idilvan Alencar;PDT;2;531331-317;0.0
453;141411;Dagoberto Nogueira;PDT;2;2275537-102;1.0
949;204360;Silvia Cristina;PDT;1;2210757-104;1.0
1662;204533;Idilvan Alencar;PDT;2;531331-284;0.0
1793;204360;Silvia Cristina;PDT;1;2166595-59;1.0
105;204360;Silvia Cristina;PDT;1;2293449-187;1.0
316;204360;Silvia Cristina;PDT;1;2275537-117;1.0
1582;204360;Silvia Cristina;PDT;1;531331-284;0.0
31;141411;Dagoberto Nogueira;PDT;2;2293449-187;0.0
29;133968;Paulo Ramos;PDT;2;2293449-187;0.0
1873;204533;Idilvan Alencar;PDT;2;2166595-59;1.0
1720;141439;Chico D`Angelo;PDT;2;2166595-59;0.0
1876;204541;Eduardo Bismarck;PDT;1;2166595-59;1.0
1719;141411;Dagoberto Nogueira;PDT;2;2166595-59;1.0
1717;133968;Paulo Ramos;PDT;2;2166595-59;1.0
185;204533;Idilvan Alencar;PDT;2;2293449-187;0.0
243;141439;Chico D`Angelo;PDT;2;2275537-117;0.0
188;204541;Eduardo Bismarck;PDT;1;2293449-187;1.0
242;141411;Dagoberto Nogueira;PDT;2;2275537-117;1.0
32;141439;Chico D`Angelo;PDT;2;2293449-187;0.0
1665;204541;Eduardo Bismarck;PDT;1;531331-284;0.0
1509;141439;Chico D`Angelo;PDT;2;531331-284;0.0
5;73486;Pompeo de Mattos;PDT;2;2293449-187;0.0
216;73486;Pompeo de Mattos;PDT;2;2275537-117;1.0
1506;133968;Paulo Ramos;PDT;2;531331-284;0.0
240;133968;Paulo Ramos;PDT;2;2275537-117;1.0
1693;73486;Pompeo de Mattos;PDT;2;2166595-59;1.0
1508;141411;Dagoberto Nogueira;PDT;2;531331-284;0.0
290;178928;Christiane de Souza Yared;PL;1;2275537-117;1.0
288;178924;Capitão Fábio Abreu;PL;0;2275537-117;0.0
1765;178924;Capitão Fábio Abreu;PL;0;2166595-59;1.0
724;178985;Miguel Lombardi;PL;0;2165194-130;1.0
241;135054;Cristiano Vale;PL;0;2275537-117;0.0
1132;178924;Capitão Fábio Abreu;PL;0;2210757-93;1.0
1134;178928;Christiane de Souza Yared;PL;1;2210757-93;1.0
712;178928;Christiane de Souza Yared;PL;1;2165194-130;1.0
499;178924;Capitão Fábio Abreu;PL;0;2275537-102;0.0
501;178928;Christiane de Souza Yared;PL;1;2275537-102;1.0
710;178924;Capitão Fábio Abreu;PL;0;2165194-130;1.0
723;178983;Marcio Alvino;PL;0;2165194-130;1.0
1767;178928;Christiane de Souza Yared;PL;1;2166595-59;1.0
1292;115746;Gelson Azevedo;PL;0;531331-317;1.0
480;160673;Giovani Cherini;PL;0;2275537-102;0.0
1115;162332;Luiz Nishimori;PL;0;2210757-93;1.0
1357;178985;Miguel Lombardi;PL;0;531331-317;1.0
221;74052;Bosco Costa;PL;0;2275537-117;0.0
1113;160673;Giovani Cherini;PL;0;2210757-93;1.0
1778;178983;Marcio Alvino;PL;0;2166595-59;1.0
1779;178985;Miguel Lombardi;PL;0;2166595-59;1.0
472;160591;Vinicius Gurgel;PL;1;2275537-102;1.0
1105;160591;Vinicius Gurgel;PL;1;2210757-93;1.0
301;178983;Marcio Alvino;PL;0;2275537-117;0.0
1276;74052;Bosco Costa;PL;0;531331-317;1.0
302;178985;Miguel Lombardi;PL;0;2275537-117;0.0
1085;135054;Cristiano Vale;PL;0;2210757-93;1.0
482;162332;Luiz Nishimori;PL;0;2275537-102;0.0
1356;178983;Marcio Alvino;PL;0;531331-317;1.0
1145;178983;Marcio Alvino;PL;0;2210757-93;1.0
142;204438;Sergio Toledo;PL;0;2293449-187;1.0
1503;115746;Gelson Azevedo;PL;0;531331-284;0.0
1316;160591;Vinicius Gurgel;PL;1;531331-317;1.0
1324;160673;Giovani Cherini;PL;0;531331-317;1.0
1197;204438;Sergio Toledo;PL;0;2210757-93;1.0
659;115746;Gelson Azevedo;PL;0;2165194-130;1.0
1714;115746;Gelson Azevedo;PL;0;2166595-59;1.0
663;135054;Cristiano Vale;PL;0;2165194-130;1.0
1326;162332;Luiz Nishimori;PL;0;531331-317;1.0
1718;135054;Cristiano Vale;PL;0;2166595-59;1.0
237;115746;Gelson Azevedo;PL;0;2275537-117;0.0
1296;135054;Cristiano Vale;PL;0;531331-317;1.0
261;160591;Vinicius Gurgel;PL;1;2275537-117;0.0
564;204438;Sergio Toledo;PL;0;2275537-102;0.0
1748;162332;Luiz Nishimori;PL;0;2166595-59;1.0
683;160591;Vinicius Gurgel;PL;1;2165194-130;1.0
1343;178924;Capitão Fábio Abreu;PL;0;531331-317;1.0
1345;178928;Christiane de Souza Yared;PL;1;531331-317;1.0
1738;160591;Vinicius Gurgel;PL;1;2166595-59;1.0
1408;204438;Sergio Toledo;PL;0;531331-317;1.0
691;160673;Giovani Cherini;PL;0;2165194-130;1.0
693;162332;Luiz Nishimori;PL;0;2165194-130;1.0
1746;160673;Giovani Cherini;PL;0;2166595-59;1.0
269;160673;Giovani Cherini;PL;0;2275537-117;0.0
513;178985;Miguel Lombardi;PL;0;2275537-102;0.0
512;178983;Marcio Alvino;PL;0;2275537-102;0.0
1146;178985;Miguel Lombardi;PL;0;2210757-93;1.0
271;162332;Luiz Nishimori;PL;0;2275537-117;1.0
1698;74052;Bosco Costa;PL;0;2166595-59;1.0
1619;204438;Sergio Toledo;PL;0;531331-284;0.0
1081;115746;Gelson Azevedo;PL;0;2210757-93;1.0
643;74052;Bosco Costa;PL;0;2165194-130;1.0
921;178924;Capitão Fábio Abreu;PL;0;2210757-104;1.0
1556;178928;Christiane de Souza Yared;PL;1;531331-284;0.0
432;74052;Bosco Costa;PL;0;2275537-102;0.0
1554;178924;Capitão Fábio Abreu;PL;0;531331-284;0.0
1830;204438;Sergio Toledo;PL;0;2166595-59;1.0
60;162332;Luiz Nishimori;PL;0;2293449-187;1.0
58;160673;Giovani Cherini;PL;0;2293449-187;1.0
50;160591;Vinicius Gurgel;PL;1;2293449-187;1.0
923;178928;Christiane de Souza Yared;PL;1;2210757-104;1.0
986;204438;Sergio Toledo;PL;0;2210757-104;1.0
854;74052;Bosco Costa;PL;0;2210757-104;1.0
1537;162332;Luiz Nishimori;PL;0;531331-284;0.0
1507;135054;Cristiano Vale;PL;0;531331-284;0.0
1487;74052;Bosco Costa;PL;0;531331-284;0.0
904;162332;Luiz Nishimori;PL;0;2210757-104;1.0
30;135054;Cristiano Vale;PL;0;2293449-187;1.0
870;115746;Gelson Azevedo;PL;0;2210757-104;1.0
902;160673;Giovani Cherini;PL;0;2210757-104;1.0
26;115746;Gelson Azevedo;PL;0;2293449-187;1.0
874;135054;Cristiano Vale;PL;0;2210757-104;1.0
1535;160673;Giovani Cherini;PL;0;531331-284;0.0
935;178985;Miguel Lombardi;PL;0;2210757-104;1.0
10;74052;Bosco Costa;PL;0;2293449-187;1.0
1527;160591;Vinicius Gurgel;PL;1;531331-284;0.0
353;204438;Sergio Toledo;PL;0;2275537-117;0.0
894;160591;Vinicius Gurgel;PL;1;2210757-104;1.0
77;178924;Capitão Fábio Abreu;PL;0;2293449-187;1.0
79;178928;Christiane de Souza Yared;PL;1;2293449-187;1.0
934;178983;Marcio Alvino;PL;0;2210757-104;1.0
90;178983;Marcio Alvino;PL;0;2293449-187;1.0
91;178985;Miguel Lombardi;PL;0;2293449-187;1.0
1568;178985;Miguel Lombardi;PL;0;531331-284;0.0
452;135054;Cristiano Vale;PL;0;2275537-102;0.0
775;204438;Sergio Toledo;PL;0;2165194-130;1.0
448;115746;Gelson Azevedo;PL;0;2275537-102;0.0
1065;74052;Bosco Costa;PL;0;2210757-93;1.0
1567;178983;Marcio Alvino;PL;0;531331-284;0.0
93;178989;Renata Abreu;PODE;1;2293449-187;0.0
1896;215043;Josivaldo JP;PODE;1;2166595-59;1.0
1781;178989;Renata Abreu;PODE;1;2166595-59;1.0
526;204359;Léo Moraes;PODE;2;2275537-102;1.0
315;204359;Léo Moraes;PODE;2;2275537-117;1.0
578;204472;José Medeiros;PODE;0;2275537-102;0.0
1422;204472;José Medeiros;PODE;0;531331-317;1.0
789;204472;José Medeiros;PODE;0;2165194-130;1.0
1052;215043;Josivaldo JP;PODE;1;2210757-104;1.0
367;204472;José Medeiros;PODE;0;2275537-117;0.0
156;204472;José Medeiros;PODE;0;2293449-187;1.0
104;204359;Léo Moraes;PODE;2;2293449-187;0.0
1633;204472;José Medeiros;PODE;0;531331-284;1.0
1474;215043;Josivaldo JP;PODE;1;531331-317;1.0
1792;204359;Léo Moraes;PODE;2;2166595-59;1.0
948;204359;Léo Moraes;PODE;2;2210757-104;1.0
937;178989;Renata Abreu;PODE;1;2210757-104;1.0
304;178989;Renata Abreu;PODE;1;2275537-117;0.0
1570;178989;Renata Abreu;PODE;1;531331-284;1.0
1159;204359;Léo Moraes;PODE;2;2210757-93;1.0
1341;178920;Ricardo Teobaldo;PODE;0;531331-317;1.0
1148;178989;Renata Abreu;PODE;1;2210757-93;1.0
515;178989;Renata Abreu;PODE;1;2275537-102;1.0
726;178989;Renata Abreu;PODE;1;2165194-130;1.0
75;178920;Ricardo Teobaldo;PODE;0;2293449-187;0.0
1370;204359;Léo Moraes;PODE;2;531331-317;0.0
286;178920;Ricardo Teobaldo;PODE;0;2275537-117;0.0
208;215043;Josivaldo JP;PODE;1;2293449-187;1.0
1763;178920;Ricardo Teobaldo;PODE;0;2166595-59;1.0
1130;178920;Ricardo Teobaldo;PODE;0;2210757-93;1.0
737;204359;Léo Moraes;PODE;2;2165194-130;1.0
497;178920;Ricardo Teobaldo;PODE;0;2275537-102;0.0
1263;215043;Josivaldo JP;PODE;1;2210757-93;1.0
1359;178989;Renata Abreu;PODE;1;531331-317;1.0
1552;178920;Ricardo Teobaldo;PODE;0;531331-284;1.0
1685;215043;Josivaldo JP;PODE;1;531331-284;1.0
708;178920;Ricardo Teobaldo;PODE;0;2165194-130;1.0
419;215043;Josivaldo JP;PODE;1;2275537-117;0.0
841;215043;Josivaldo JP;PODE;1;2165194-130;1.0
630;215043;Josivaldo JP;PODE;1;2275537-102;1.0
919;178920;Ricardo Teobaldo;PODE;0;2210757-104;1.0
1000;204472;José Medeiros;PODE;0;2210757-104;1.0
1844;204472;José Medeiros;PODE;0;2166595-59;1.0
1211;204472;José Medeiros;PODE;0;2210757-93;1.0
1581;204359;Léo Moraes;PODE;2;531331-284;1.0
1267;66828;Fausto Pinato;PP;0;531331-317;1.0
212;66828;Fausto Pinato;PP;0;2275537-117;0.0
1689;66828;Fausto Pinato;PP;0;2166595-59;1.0
640;73696;Angela Amin;PP;1;2165194-130;1.0
1695;73696;Angela Amin;PP;1;2166595-59;1.0
1;66828;Fausto Pinato;PP;0;2293449-187;1.0
910;178861;Ronaldo Carletto;PP;0;2210757-104;1.0
218;73696;Angela Amin;PP;1;2275537-117;1.0
634;66828;Fausto Pinato;PP;0;2165194-130;1.0
892;160570;Jerônimo Goergen;PP;1;2210757-104;1.0
7;73696;Angela Amin;PP;1;2293449-187;1.0
1075;74459;Átila Lira;PP;0;2210757-93;1.0
647;74253;Julio Lopes;PP;0;2165194-130;1.0
1069;74253;Julio Lopes;PP;0;2210757-93;1.0
755;204390;Professor Alcides;PP;0;2165194-130;1.0
1103;160570;Jerônimo Goergen;PP;1;2210757-93;1.0
776;204440;Christino Aureo;PP;0;2165194-130;1.0
1062;73696;Angela Amin;PP;1;2210757-93;1.0
122;204390;Professor Alcides;PP;0;2293449-187;1.0
1810;204390;Professor Alcides;PP;0;2166595-59;1.0
1056;66828;Fausto Pinato;PP;0;2210757-93;1.0
1121;178861;Ronaldo Carletto;PP;0;2210757-93;1.0
1831;204440;Christino Aureo;PP;0;2166595-59;1.0
66;178861;Ronaldo Carletto;PP;0;2293449-187;1.0
1754;178861;Ronaldo Carletto;PP;0;2166595-59;1.0
48;160570;Jerônimo Goergen;PP;1;2293449-187;1.0
1702;74253;Julio Lopes;PP;0;2166595-59;1.0
987;204440;Christino Aureo;PP;0;2210757-104;1.0
699;178861;Ronaldo Carletto;PP;0;2165194-130;1.0
143;204440;Christino Aureo;PP;0;2293449-187;1.0
1736;160570;Jerônimo Goergen;PP;1;2166595-59;1.0
858;74253;Julio Lopes;PP;0;2210757-104;1.0
966;204390;Professor Alcides;PP;0;2210757-104;1.0
864;74459;Átila Lira;PP;0;2210757-104;1.0
681;160570;Jerônimo Goergen;PP;1;2165194-130;1.0
1177;204390;Professor Alcides;PP;0;2210757-93;1.0
20;74459;Átila Lira;PP;0;2293449-187;1.0
14;74253;Julio Lopes;PP;0;2293449-187;1.0
1708;74459;Átila Lira;PP;0;2166595-59;1.0
653;74459;Átila Lira;PP;0;2165194-130;1.0
1198;204440;Christino Aureo;PP;0;2210757-93;1.0
845;66828;Fausto Pinato;PP;0;2210757-104;1.0
851;73696;Angela Amin;PP;1;2210757-104;1.0
1409;204440;Christino Aureo;PP;0;531331-317;1.0
470;160570;Jerônimo Goergen;PP;1;2275537-102;1.0
354;204440;Christino Aureo;PP;0;2275537-117;0.0
1478;66828;Fausto Pinato;PP;0;531331-284;0.0
1286;74459;Átila Lira;PP;0;531331-317;1.0
1620;204440;Christino Aureo;PP;0;531331-284;0.0
423;66828;Fausto Pinato;PP;0;2275537-102;0.0
1388;204390;Professor Alcides;PP;0;531331-317;1.0
488;178861;Ronaldo Carletto;PP;0;2275537-102;0.0
1273;73696;Angela Amin;PP;1;531331-317;1.0
1599;204390;Professor Alcides;PP;0;531331-284;1.0
1314;160570;Jerônimo Goergen;PP;1;531331-317;1.0
1543;178861;Ronaldo Carletto;PP;0;531331-284;0.0
442;74459;Átila Lira;PP;0;2275537-102;0.0
565;204440;Christino Aureo;PP;0;2275537-102;0.0
277;178861;Ronaldo Carletto;PP;0;2275537-117;0.0
544;204390;Professor Alcides;PP;0;2275537-102;0.0
333;204390;Professor Alcides;PP;0;2275537-117;0.0
1525;160570;Jerônimo Goergen;PP;1;531331-284;0.0
1497;74459;Átila Lira;PP;0;531331-284;0.5
259;160570;Jerônimo Goergen;PP;1;2275537-117;1.0
231;74459;Átila Lira;PP;0;2275537-117;0.0
1332;178861;Ronaldo Carletto;PP;0;531331-317;1.0
1491;74253;Julio Lopes;PP;0;531331-284;0.0
1280;74253;Julio Lopes;PP;0;531331-317;1.0
429;73696;Angela Amin;PP;1;2275537-102;1.0
1484;73696;Angela Amin;PP;1;531331-284;0.0
225;74253;Julio Lopes;PP;0;2275537-117;0.0
436;74253;Julio Lopes;PP;0;2275537-102;0.0
1730;160518;Weliton Prado;PROS;0;2166595-59;1.0
1308;160518;Weliton Prado;PROS;0;531331-317;1.0
82;178939;Clarissa Garotinho;PROS;1;2293449-187;1.0
42;160518;Weliton Prado;PROS;0;2293449-187;0.0
675;160518;Weliton Prado;PROS;0;2165194-130;1.0
417;213762;Carla Dickson;PROS;0;2275537-117;1.0
1430;204487;Capitão Wagner;PROS;1;531331-317;0.0
839;213762;Carla Dickson;PROS;0;2165194-130;1.0
253;160518;Weliton Prado;PROS;0;2275537-117;1.0
1641;204487;Capitão Wagner;PROS;1;531331-284;0.0
267;160640;Eros Biondini;PROS;1;2275537-117;1.0
1744;160640;Eros Biondini;PROS;1;2166595-59;1.0
1008;204487;Capitão Wagner;PROS;1;2210757-104;1.0
164;204487;Capitão Wagner;PROS;1;2293449-187;1.0
1770;178939;Clarissa Garotinho;PROS;1;2166595-59;1.0
1852;204487;Capitão Wagner;PROS;1;2166595-59;1.0
1348;178939;Clarissa Garotinho;PROS;1;531331-317;0.0
1050;213762;Carla Dickson;PROS;0;2210757-104;1.0
56;160640;Eros Biondini;PROS;1;2293449-187;1.0
797;204487;Capitão Wagner;PROS;1;2165194-130;1.0
689;160640;Eros Biondini;PROS;1;2165194-130;1.0
1322;160640;Eros Biondini;PROS;1;531331-317;1.0
1219;204487;Capitão Wagner;PROS;1;2210757-93;1.0
1559;178939;Clarissa Garotinho;PROS;1;531331-284;0.0
1111;160640;Eros Biondini;PROS;1;2210757-93;1.0
206;213762;Carla Dickson;PROS;0;2293449-187;1.0
900;160640;Eros Biondini;PROS;1;2210757-104;1.0
478;160640;Eros Biondini;PROS;1;2275537-102;1.0
1519;160518;Weliton Prado;PROS;0;531331-284;0.5
886;160518;Weliton Prado;PROS;0;2210757-104;1.0
1683;213762;Carla Dickson;PROS;0;531331-284;0.0
1533;160640;Eros Biondini;PROS;1;531331-284;0.0
1261;213762;Carla Dickson;PROS;0;2210757-93;1.0
1472;213762;Carla Dickson;PROS;0;531331-317;1.0
1097;160518;Weliton Prado;PROS;0;2210757-93;1.0
1894;213762;Carla Dickson;PROS;0;2166595-59;1.0
926;178939;Clarissa Garotinho;PROS;1;2210757-104;1.0
715;178939;Clarissa Garotinho;PROS;1;2165194-130;1.0
293;178939;Clarissa Garotinho;PROS;1;2275537-117;0.0
464;160518;Weliton Prado;PROS;0;2275537-102;0.0
1137;178939;Clarissa Garotinho;PROS;1;2210757-93;1.0
628;213762;Carla Dickson;PROS;0;2275537-102;0.0
586;204487;Capitão Wagner;PROS;1;2275537-102;1.0
504;178939;Clarissa Garotinho;PROS;1;2275537-102;1.0
375;204487;Capitão Wagner;PROS;1;2275537-117;1.0
80;178931;Luciano Ducci;PSB;0;2293449-187;1.0
1039;204561;Bira do Pindaré;PSB;1;2210757-104;1.0
1046;206231;Ted Conti;PSB;1;2210757-104;1.0
1773;178964;Heitor Schuch;PSB;2;2166595-59;1.0
1037;204558;Marcelo Nilo;PSB;1;2210757-104;1.0
481;161550;Emidinho Madeira;PSB;0;2275537-102;0.0
121;204389;Elias Vaz;PSB;1;2293449-187;0.0
445;76874;Marcelo Freixo;PSB;1;2275537-102;1.0
795;204483;Vilson da Fetaemg;PSB;1;2165194-130;1.0
1078;76874;Marcelo Freixo;PSB;1;2210757-93;1.0
1395;204405;Liziane Bayer;PSB;1;531331-317;1.0
762;204405;Liziane Bayer;PSB;1;2165194-130;1.0
441;74419;Gonzaga Patriota;PSB;1;2275537-102;1.0
758;204394;Gervásio Maia;PSB;1;2165194-130;1.0
1809;204389;Elias Vaz;PSB;1;2166595-59;1.0
85;178964;Heitor Schuch;PSB;2;2293449-187;0.0
1562;178964;Heitor Schuch;PSB;2;531331-284;0.0
1813;204394;Gervásio Maia;PSB;1;2166595-59;1.0
1391;204394;Gervásio Maia;PSB;1;531331-317;1.0
754;204389;Elias Vaz;PSB;1;2165194-130;1.0
1387;204389;Elias Vaz;PSB;1;531331-317;1.0
1428;204483;Vilson da Fetaemg;PSB;1;531331-317;1.0
296;178964;Heitor Schuch;PSB;2;2275537-117;1.0
1114;161550;Emidinho Madeira;PSB;0;2210757-93;1.0
1049;213274;Ricardo Silva;PSB;0;2210757-104;1.0
1074;74419;Gonzaga Patriota;PSB;1;2210757-93;1.0
828;204561;Bira do Pindaré;PSB;1;2165194-130;1.0
1557;178931;Luciano Ducci;PSB;0;531331-284;0.0
863;74419;Gonzaga Patriota;PSB;1;2210757-104;1.0
965;204389;Elias Vaz;PSB;1;2210757-104;1.0
867;76874;Marcelo Freixo;PSB;1;2210757-104;1.0
406;204561;Bira do Pindaré;PSB;1;2275537-117;1.0
1468;206231;Ted Conti;PSB;1;531331-317;1.0
404;204558;Marcelo Nilo;PSB;1;2275537-117;0.0
1471;213274;Ricardo Silva;PSB;0;531331-317;1.0
23;76874;Marcelo Freixo;PSB;1;2293449-187;0.0
1881;204558;Marcelo Nilo;PSB;1;2166595-59;1.0
19;74419;Gonzaga Patriota;PSB;1;2293449-187;0.0
1883;204561;Bira do Pindaré;PSB;1;2166595-59;1.0
1890;206231;Ted Conti;PSB;1;2166595-59;1.0
394;204530;Rodrigo Agostinho;PSB;2;2275537-117;1.0
392;204525;Rosana Valle;PSB;1;2275537-117;1.0
1893;213274;Ricardo Silva;PSB;0;2166595-59;1.0
929;178964;Heitor Schuch;PSB;2;2210757-104;1.0
903;161550;Emidinho Madeira;PSB;0;2210757-104;1.0
924;178931;Luciano Ducci;PSB;0;2210757-104;1.0
1496;74419;Gonzaga Patriota;PSB;1;531331-284;0.0
920;178922;Tadeu Alencar;PSB;1;2210757-104;1.0
373;204483;Vilson da Fetaemg;PSB;1;2275537-117;0.0
1461;204561;Bira do Pindaré;PSB;1;531331-317;1.0
969;204394;Gervásio Maia;PSB;1;2210757-104;1.0
1459;204558;Marcelo Nilo;PSB;1;531331-317;1.0
973;204405;Liziane Bayer;PSB;1;2210757-104;1.0
1817;204405;Liziane Bayer;PSB;1;2166595-59;1.0
1027;204530;Rodrigo Agostinho;PSB;2;2210757-104;1.0
1553;178922;Tadeu Alencar;PSB;1;531331-284;0.0
814;204525;Rosana Valle;PSB;1;2165194-130;1.0
816;204530;Rodrigo Agostinho;PSB;2;2165194-130;1.0
332;204389;Elias Vaz;PSB;1;2275537-117;1.0
1025;204525;Rosana Valle;PSB;1;2210757-104;1.0
59;161550;Emidinho Madeira;PSB;0;2293449-187;1.0
1850;204483;Vilson da Fetaemg;PSB;1;2166595-59;1.0
826;204558;Marcelo Nilo;PSB;1;2165194-130;1.0
76;178922;Tadeu Alencar;PSB;1;2293449-187;0.0
1006;204483;Vilson da Fetaemg;PSB;1;2210757-104;1.0
1447;204525;Rosana Valle;PSB;1;531331-317;1.0
336;204394;Gervásio Maia;PSB;1;2275537-117;1.0
838;213274;Ricardo Silva;PSB;0;2165194-130;1.0
1449;204530;Rodrigo Agostinho;PSB;2;531331-317;1.0
416;213274;Ricardo Silva;PSB;0;2275537-117;0.0
1869;204525;Rosana Valle;PSB;1;2166595-59;1.0
1871;204530;Rodrigo Agostinho;PSB;2;2166595-59;1.0
340;204405;Liziane Bayer;PSB;1;2275537-117;1.0
413;206231;Ted Conti;PSB;1;2275537-117;1.0
1536;161550;Emidinho Madeira;PSB;0;531331-284;0.0
835;206231;Ted Conti;PSB;1;2165194-130;1.0
125;204394;Gervásio Maia;PSB;1;2293449-187;0.0
584;204483;Vilson da Fetaemg;PSB;1;2275537-102;1.0
1768;178931;Luciano Ducci;PSB;0;2166595-59;1.0
193;204558;Marcelo Nilo;PSB;1;2293449-187;0.0
1217;204483;Vilson da Fetaemg;PSB;1;2210757-93;1.0
183;204530;Rodrigo Agostinho;PSB;2;2293449-187;0.0
181;204525;Rosana Valle;PSB;1;2293449-187;1.0
551;204405;Liziane Bayer;PSB;1;2275537-102;1.0
1707;74419;Gonzaga Patriota;PSB;1;2166595-59;1.0
652;74419;Gonzaga Patriota;PSB;1;2165194-130;1.0
547;204394;Gervásio Maia;PSB;1;2275537-102;1.0
656;76874;Marcelo Freixo;PSB;1;2165194-130;1.0
1711;76874;Marcelo Freixo;PSB;1;2166595-59;1.0
543;204389;Elias Vaz;PSB;1;2275537-102;1.0
1184;204405;Liziane Bayer;PSB;1;2210757-93;1.0
1325;161550;Emidinho Madeira;PSB;0;531331-317;1.0
1639;204483;Vilson da Fetaemg;PSB;1;531331-284;0.0
1180;204394;Gervásio Maia;PSB;1;2210757-93;1.0
1176;204389;Elias Vaz;PSB;1;2210757-93;1.0
162;204483;Vilson da Fetaemg;PSB;1;2293449-187;0.0
1342;178922;Tadeu Alencar;PSB;1;531331-317;1.0
1346;178931;Luciano Ducci;PSB;0;531331-317;1.0
1606;204405;Liziane Bayer;PSB;1;531331-284;0.0
692;161550;Emidinho Madeira;PSB;0;2165194-130;1.0
627;213274;Ricardo Silva;PSB;0;2275537-102;0.0
1747;161550;Emidinho Madeira;PSB;0;2166595-59;1.0
195;204561;Bira do Pindaré;PSB;1;2293449-187;0.0
624;206231;Ted Conti;PSB;1;2275537-102;1.0
1660;204530;Rodrigo Agostinho;PSB;2;531331-284;1.0
1658;204525;Rosana Valle;PSB;1;531331-284;0.0
230;74419;Gonzaga Patriota;PSB;1;2275537-117;0.0
1260;213274;Ricardo Silva;PSB;0;2210757-93;1.0
1670;204558;Marcelo Nilo;PSB;1;531331-284;0.0
1285;74419;Gonzaga Patriota;PSB;1;531331-317;1.0
1672;204561;Bira do Pindaré;PSB;1;531331-284;0.0
1257;206231;Ted Conti;PSB;1;2210757-93;1.0
603;204525;Rosana Valle;PSB;1;2275537-102;1.0
605;204530;Rodrigo Agostinho;PSB;2;2275537-102;1.0
1250;204561;Bira do Pindaré;PSB;1;2210757-93;1.0
205;213274;Ricardo Silva;PSB;0;2293449-187;1.0
1248;204558;Marcelo Nilo;PSB;1;2210757-93;1.0
1679;206231;Ted Conti;PSB;1;531331-284;0.0
1682;213274;Ricardo Silva;PSB;0;531331-284;0.0
202;206231;Ted Conti;PSB;1;2293449-187;0.0
615;204558;Marcelo Nilo;PSB;1;2275537-102;1.0
617;204561;Bira do Pindaré;PSB;1;2275537-102;1.0
1238;204530;Rodrigo Agostinho;PSB;2;2210757-93;1.0
1236;204525;Rosana Valle;PSB;1;2210757-93;1.0
234;76874;Marcelo Freixo;PSB;1;2275537-117;0.0
1289;76874;Marcelo Freixo;PSB;1;531331-317;1.0
1351;178964;Heitor Schuch;PSB;2;531331-317;0.0
1500;76874;Marcelo Freixo;PSB;1;531331-284;0.0
718;178964;Heitor Schuch;PSB;2;2165194-130;1.0
1135;178931;Luciano Ducci;PSB;0;2210757-93;1.0
709;178922;Tadeu Alencar;PSB;1;2165194-130;1.0
1140;178964;Heitor Schuch;PSB;2;2210757-93;1.0
1598;204389;Elias Vaz;PSB;1;531331-284;0.0
1764;178922;Tadeu Alencar;PSB;1;2166595-59;1.0
507;178964;Heitor Schuch;PSB;2;2275537-102;1.0
129;204405;Liziane Bayer;PSB;1;2293449-187;1.0
502;178931;Luciano Ducci;PSB;0;2275537-102;0.0
1602;204394;Gervásio Maia;PSB;1;531331-284;0.0
287;178922;Tadeu Alencar;PSB;1;2275537-117;1.0
713;178931;Luciano Ducci;PSB;0;2165194-130;1.0
270;161550;Emidinho Madeira;PSB;0;2275537-117;0.0
291;178931;Luciano Ducci;PSB;0;2275537-117;0.0
498;178922;Tadeu Alencar;PSB;1;2275537-102;1.0
1131;178922;Tadeu Alencar;PSB;1;2210757-93;1.0
981;204423;André Ferreira;PSC;0;2210757-104;1.0
1410;204441;Otoni de Paula;PSC;0;531331-317;1.0
1575;193726;Paulo Eduardo Martins;PSC;1;531331-284;0.0
770;204423;André Ferreira;PSC;0;2165194-130;1.0
1098;160534;Lauriete;PSC;0;2210757-93;1.0
566;204441;Otoni de Paula;PSC;0;2275537-102;0.0
1192;204423;André Ferreira;PSC;0;2210757-93;1.0
465;160534;Lauriete;PSC;0;2275537-102;0.0
207;215042;Ricardo da Karol;PSC;0;2293449-187;1.0
629;215042;Ricardo da Karol;PSC;0;2275537-102;0.0
1199;204441;Otoni de Paula;PSC;0;2210757-93;1.0
98;193726;Paulo Eduardo Martins;PSC;1;2293449-187;1.0
559;204423;André Ferreira;PSC;0;2275537-102;0.0
1309;160534;Lauriete;PSC;0;531331-317;1.0
1583;204363;Osires Damaso;PSC;0;531331-284;0.0
1794;204363;Osires Damaso;PSC;0;2166595-59;1.0
942;193726;Paulo Eduardo Martins;PSC;1;2210757-104;1.0
988;204441;Otoni de Paula;PSC;0;2210757-104;1.0
418;215042;Ricardo da Karol;PSC;0;2275537-117;0.0
1403;204423;André Ferreira;PSC;0;531331-317;1.0
887;160534;Lauriete;PSC;0;2210757-104;1.0
43;160534;Lauriete;PSC;0;2293449-187;1.0
1364;193726;Paulo Eduardo Martins;PSC;1;531331-317;0.0
840;215042;Ricardo da Karol;PSC;0;2165194-130;1.0
309;193726;Paulo Eduardo Martins;PSC;1;2275537-117;1.0
106;204363;Osires Damaso;PSC;0;2293449-187;1.0
1473;215042;Ricardo da Karol;PSC;0;531331-317;1.0
731;193726;Paulo Eduardo Martins;PSC;1;2165194-130;1.0
1684;215042;Ricardo da Karol;PSC;0;531331-284;0.0
1262;215042;Ricardo da Karol;PSC;0;2210757-93;1.0
144;204441;Otoni de Paula;PSC;0;2293449-187;1.0
739;204363;Osires Damaso;PSC;0;2165194-130;1.0
1051;215042;Ricardo da Karol;PSC;0;2210757-104;1.0
520;193726;Paulo Eduardo Martins;PSC;1;2275537-102;1.0
1895;215042;Ricardo da Karol;PSC;0;2166595-59;1.0
317;204363;Osires Damaso;PSC;0;2275537-117;0.0
1372;204363;Osires Damaso;PSC;0;531331-317;1.0
1153;193726;Paulo Eduardo Martins;PSC;1;2210757-93;1.0
950;204363;Osires Damaso;PSC;0;2210757-104;1.0
1614;204423;André Ferreira;PSC;0;531331-284;0.0
1731;160534;Lauriete;PSC;0;2166595-59;1.0
528;204363;Osires Damaso;PSC;0;2275537-102;0.0
1161;204363;Osires Damaso;PSC;0;2210757-93;1.0
777;204441;Otoni de Paula;PSC;0;2165194-130;1.0
1825;204423;André Ferreira;PSC;0;2166595-59;1.0
676;160534;Lauriete;PSC;0;2165194-130;1.0
1520;160534;Lauriete;PSC;0;531331-284;0.0
1621;204441;Otoni de Paula;PSC;0;531331-284;0.0
1832;204441;Otoni de Paula;PSC;0;2166595-59;1.0
254;160534;Lauriete;PSC;0;2275537-117;0.0
355;204441;Otoni de Paula;PSC;0;2275537-117;0.0
137;204423;André Ferreira;PSC;0;2293449-187;1.0
1786;193726;Paulo Eduardo Martins;PSC;1;2166595-59;1.0
348;204423;André Ferreira;PSC;0;2275537-117;0.0
1389;204392;Francisco Jr.;PSD;1;531331-317;1.0
1476;215045;Pedro Augusto Palareti;PSD;0;531331-317;1.0
1884;204562;Edilázio Júnior;PSD;0;2166595-59;1.0
1432;204497;Júnior Ferrari;PSD;1;531331-317;0.0
1761;178910;Joaquim Passarinho;PSD;0;2166595-59;1.0
1108;160619;José Nunes;PSD;0;2210757-93;1.0
1530;160619;José Nunes;PSD;0;531331-284;0.0
1597;204387;Sargento Fahur;PSD;1;531331-284;0.0
1386;204387;Sargento Fahur;PSD;1;531331-317;1.0
927;178953;Expedito Netto;PSD;0;2210757-104;1.0
1673;204562;Edilázio Júnior;PSD;0;531331-284;0.0
1251;204562;Edilázio Júnior;PSD;0;2210757-93;1.0
1254;205476;Charles Fernandes;PSD;0;2210757-93;1.0
1128;178910;Joaquim Passarinho;PSD;0;2210757-93;1.0
1504;116379;Darci de Matos;PSD;1;531331-284;0.0
1265;215045;Pedro Augusto Palareti;PSD;0;2210757-93;1.0
1771;178953;Expedito Netto;PSD;0;2166595-59;1.0
1887;205476;Charles Fernandes;PSD;0;2166595-59;1.0
1676;205476;Charles Fernandes;PSD;0;531331-284;1.0
1867;204522;Marco Bertaiolli;PSD;1;2166595-59;1.0
1687;215045;Pedro Augusto Palareti;PSD;0;531331-284;0.0
1550;178910;Joaquim Passarinho;PSD;0;531331-284;0.0
1715;116379;Darci de Matos;PSD;1;2166595-59;1.0
1445;204522;Marco Bertaiolli;PSD;1;531331-317;1.0
1178;204392;Francisco Jr.;PSD;1;2210757-93;1.0
1175;204387;Sargento Fahur;PSD;1;2210757-93;1.0
1339;178910;Joaquim Passarinho;PSD;0;531331-317;1.0
1814;204396;Vermelho;PSD;0;2166595-59;1.0
1040;204562;Edilázio Júnior;PSD;0;2210757-104;1.0
1043;205476;Charles Fernandes;PSD;0;2210757-104;1.0
1741;160619;José Nunes;PSD;0;2166595-59;1.0
1808;204387;Sargento Fahur;PSD;1;2166595-59;1.0
1603;204396;Vermelho;PSD;0;531331-284;0.0
1560;178953;Expedito Netto;PSD;0;531331-284;0.0
1436;204504;Cezinha de Madureira;PSD;0;531331-317;0.0
1054;215045;Pedro Augusto Palareti;PSD;0;2210757-104;1.0
1349;178953;Expedito Netto;PSD;0;531331-317;1.0
1811;204392;Francisco Jr.;PSD;1;2166595-59;1.0
1023;204522;Marco Bertaiolli;PSD;1;2210757-104;1.0
1138;178953;Expedito Netto;PSD;0;2210757-93;1.0
1014;204504;Cezinha de Madureira;PSD;0;2210757-104;1.0
1010;204497;Júnior Ferrari;PSD;1;2210757-104;1.0
1600;204392;Francisco Jr.;PSD;1;531331-284;0.0
964;204387;Sargento Fahur;PSD;1;2210757-104;1.0
1392;204396;Vermelho;PSD;0;531331-317;1.0
1465;205476;Charles Fernandes;PSD;0;531331-317;1.0
1462;204562;Edilázio Júnior;PSD;0;531331-317;0.0
967;204392;Francisco Jr.;PSD;1;2210757-104;1.0
1293;116379;Darci de Matos;PSD;1;531331-317;1.0
970;204396;Vermelho;PSD;0;2210757-104;1.0
1234;204522;Marco Bertaiolli;PSD;1;2210757-93;1.0
1225;204504;Cezinha de Madureira;PSD;0;2210757-93;1.0
1221;204497;Júnior Ferrari;PSD;1;2210757-93;1.0
1647;204504;Cezinha de Madureira;PSD;0;531331-284;0.0
1858;204504;Cezinha de Madureira;PSD;0;2166595-59;1.0
1319;160619;José Nunes;PSD;0;531331-317;1.0
1643;204497;Júnior Ferrari;PSD;1;531331-284;0.0
1082;116379;Darci de Matos;PSD;1;2210757-93;1.0
1854;204497;Júnior Ferrari;PSD;1;2166595-59;1.0
917;178910;Joaquim Passarinho;PSD;0;2210757-104;1.0
1656;204522;Marco Bertaiolli;PSD;1;531331-284;0.0
1181;204396;Vermelho;PSD;0;2210757-93;1.0
1898;215045;Pedro Augusto Palareti;PSD;0;2166595-59;1.0
264;160619;José Nunes;PSD;0;2275537-117;0.0
545;204392;Francisco Jr.;PSD;1;2275537-102;1.0
548;204396;Vermelho;PSD;0;2275537-102;0.0
588;204497;Júnior Ferrari;PSD;1;2275537-102;1.0
592;204504;Cezinha de Madureira;PSD;0;2275537-102;0.0
294;178953;Expedito Netto;PSD;0;2275537-117;0.0
803;204504;Cezinha de Madureira;PSD;0;2165194-130;1.0
542;204387;Sargento Fahur;PSD;1;2275537-102;1.0
284;178910;Joaquim Passarinho;PSD;0;2275537-117;0.0
618;204562;Edilázio Júnior;PSD;0;2275537-102;0.0
621;205476;Charles Fernandes;PSD;0;2275537-102;0.0
238;116379;Darci de Matos;PSD;1;2275537-117;0.0
632;215045;Pedro Augusto Palareti;PSD;0;2275537-102;0.0
799;204497;Júnior Ferrari;PSD;1;2165194-130;1.0
871;116379;Darci de Matos;PSD;1;2210757-104;1.0
601;204522;Marco Bertaiolli;PSD;1;2275537-102;1.0
210;215045;Pedro Augusto Palareti;PSD;0;2293449-187;1.0
812;204522;Marco Bertaiolli;PSD;1;2165194-130;1.0
334;204392;Francisco Jr.;PSD;1;2275537-117;1.0
832;205476;Charles Fernandes;PSD;0;2165194-130;1.0
829;204562;Edilázio Júnior;PSD;0;2165194-130;1.0
475;160619;José Nunes;PSD;0;2275537-102;0.0
505;178953;Expedito Netto;PSD;0;2275537-102;0.0
449;116379;Darci de Matos;PSD;1;2275537-102;1.0
421;215045;Pedro Augusto Palareti;PSD;0;2275537-117;0.0
331;204387;Sargento Fahur;PSD;1;2275537-117;1.0
410;205476;Charles Fernandes;PSD;0;2275537-117;0.0
759;204396;Vermelho;PSD;0;2165194-130;1.0
390;204522;Marco Bertaiolli;PSD;1;2275537-117;0.0
381;204504;Cezinha de Madureira;PSD;0;2275537-117;0.0
377;204497;Júnior Ferrari;PSD;1;2275537-117;0.0
843;215045;Pedro Augusto Palareti;PSD;0;2165194-130;1.0
337;204396;Vermelho;PSD;0;2275537-117;0.0
407;204562;Edilázio Júnior;PSD;0;2275537-117;0.0
199;205476;Charles Fernandes;PSD;0;2293449-187;1.0
495;178910;Joaquim Passarinho;PSD;0;2275537-102;0.0
120;204387;Sargento Fahur;PSD;1;2293449-187;1.0
897;160619;José Nunes;PSD;0;2210757-104;1.0
706;178910;Joaquim Passarinho;PSD;0;2165194-130;1.0
123;204392;Francisco Jr.;PSD;1;2293449-187;1.0
83;178953;Expedito Netto;PSD;0;2293449-187;1.0
126;204396;Vermelho;PSD;0;2293449-187;1.0
196;204562;Edilázio Júnior;PSD;0;2293449-187;1.0
686;160619;José Nunes;PSD;0;2165194-130;1.0
53;160619;José Nunes;PSD;0;2293449-187;1.0
716;178953;Expedito Netto;PSD;0;2165194-130;1.0
753;204387;Sargento Fahur;PSD;1;2165194-130;1.0
166;204497;Júnior Ferrari;PSD;1;2293449-187;1.0
170;204504;Cezinha de Madureira;PSD;0;2293449-187;1.0
660;116379;Darci de Matos;PSD;1;2165194-130;1.0
756;204392;Francisco Jr.;PSD;1;2165194-130;1.0
179;204522;Marco Bertaiolli;PSD;1;2293449-187;1.0
27;116379;Darci de Matos;PSD;1;2293449-187;1.0
73;178910;Joaquim Passarinho;PSD;0;2293449-187;1.0
516;178990;Samuel Moreira;PSDB;1;2275537-102;1.0
517;178992;Vitor Lippi;PSDB;0;2275537-102;0.0
727;178990;Samuel Moreira;PSDB;1;2165194-130;1.0
728;178992;Vitor Lippi;PSDB;0;2165194-130;1.0
1210;204471;Mara Rocha;PSDB;1;2210757-93;1.0
1352;178966;Geovania de Sá;PSDB;1;531331-317;1.0
1120;178844;Pedro Vilela;PSDB;1;2210757-93;1.0
510;178977;Eduardo Cury;PSDB;1;2275537-102;1.0
1347;178935;Rossoni;PSDB;0;531331-317;1.0
1354;178977;Eduardo Cury;PSDB;1;531331-317;0.0
736;204358;Beto Pereira;PSDB;1;2165194-130;1.0
508;178966;Geovania de Sá;PSDB;1;2275537-102;1.0
503;178935;Rossoni;PSDB;0;2275537-102;0.0
1125;178876;Célio Silveira;PSDB;0;2210757-93;1.0
721;178977;Eduardo Cury;PSDB;1;2165194-130;1.0
714;178935;Rossoni;PSDB;0;2165194-130;1.0
1336;178876;Célio Silveira;PSDB;0;531331-317;1.0
648;74262;Carlos Sampaio;PSDB;2;2165194-130;1.0
633;62881;Danilo Forte;PSDB;0;2165194-130;1.0
1183;204404;Lucas Redecker;PSDB;2;2210757-93;1.0
1158;204358;Beto Pereira;PSDB;1;2210757-93;1.0
625;207176;Bia Cavassa;PSDB;1;2275537-102;1.0
1360;178990;Samuel Moreira;PSDB;1;531331-317;0.0
1150;178992;Vitor Lippi;PSDB;0;2210757-93;1.0
1149;178990;Samuel Moreira;PSDB;1;2210757-93;1.0
1258;207176;Bia Cavassa;PSDB;1;2210757-93;1.0
525;204358;Beto Pereira;PSDB;1;2275537-102;1.0
698;178844;Pedro Vilela;PSDB;1;2165194-130;1.0
1143;178977;Eduardo Cury;PSDB;1;2210757-93;1.0
577;204471;Mara Rocha;PSDB;1;2275537-102;1.0
1281;74262;Carlos Sampaio;PSDB;2;531331-317;0.0
550;204404;Lucas Redecker;PSDB;2;2275537-102;1.0
703;178876;Célio Silveira;PSDB;0;2165194-130;1.0
1141;178966;Geovania de Sá;PSDB;1;2210757-93;1.0
1136;178935;Rossoni;PSDB;0;2210757-93;1.0
1331;178844;Pedro Vilela;PSDB;1;531331-317;1.0
719;178966;Geovania de Sá;PSDB;1;2165194-130;1.0
1266;62881;Danilo Forte;PSDB;0;531331-317;1.0
914;178876;Célio Silveira;PSDB;0;2210757-104;1.0
1477;62881;Danilo Forte;PSDB;0;531331-284;0.0
492;178876;Célio Silveira;PSDB;0;2275537-102;0.0
1680;207176;Bia Cavassa;PSDB;1;531331-284;0.0
203;207176;Bia Cavassa;PSDB;1;2293449-187;1.0
1688;62881;Danilo Forte;PSDB;0;2166595-59;1.0
1703;74262;Carlos Sampaio;PSDB;2;2166595-59;1.0
155;204471;Mara Rocha;PSDB;1;2293449-187;1.0
1753;178844;Pedro Vilela;PSDB;1;2166595-59;1.0
1758;178876;Célio Silveira;PSDB;0;2166595-59;1.0
128;204404;Lucas Redecker;PSDB;2;2293449-187;1.0
1769;178935;Rossoni;PSDB;0;2166595-59;1.0
1774;178966;Geovania de Sá;PSDB;1;2166595-59;1.0
1776;178977;Eduardo Cury;PSDB;1;2166595-59;1.0
1782;178990;Samuel Moreira;PSDB;1;2166595-59;0.0
211;62881;Danilo Forte;PSDB;0;2275537-117;0.0
1783;178992;Vitor Lippi;PSDB;0;2166595-59;1.0
103;204358;Beto Pereira;PSDB;1;2293449-187;0.0
95;178992;Vitor Lippi;PSDB;0;2293449-187;1.0
94;178990;Samuel Moreira;PSDB;1;2293449-187;1.0
88;178977;Eduardo Cury;PSDB;1;2293449-187;1.0
86;178966;Geovania de Sá;PSDB;1;2293449-187;1.0
81;178935;Rossoni;PSDB;0;2293449-187;1.0
1816;204404;Lucas Redecker;PSDB;2;2166595-59;1.0
70;178876;Célio Silveira;PSDB;0;2293449-187;1.0
65;178844;Pedro Vilela;PSDB;1;2293449-187;1.0
1843;204471;Mara Rocha;PSDB;1;2166595-59;1.0
15;74262;Carlos Sampaio;PSDB;2;2293449-187;0.0
1891;207176;Bia Cavassa;PSDB;1;2166595-59;1.0
1791;204358;Beto Pereira;PSDB;1;2166595-59;1.0
226;74262;Carlos Sampaio;PSDB;2;2275537-117;1.0
1632;204471;Mara Rocha;PSDB;1;531331-284;0.0
1605;204404;Lucas Redecker;PSDB;2;531331-284;1.0
1369;204358;Beto Pereira;PSDB;1;531331-317;1.0
487;178844;Pedro Vilela;PSDB;1;2275537-102;1.0
1394;204404;Lucas Redecker;PSDB;2;531331-317;0.0
1421;204471;Mara Rocha;PSDB;1;531331-317;1.0
437;74262;Carlos Sampaio;PSDB;2;2275537-102;1.0
422;62881;Danilo Forte;PSDB;0;2275537-102;0.0
414;207176;Bia Cavassa;PSDB;1;2275537-117;0.0
1469;207176;Bia Cavassa;PSDB;1;531331-317;1.0
1492;74262;Carlos Sampaio;PSDB;2;531331-284;0.0
366;204471;Mara Rocha;PSDB;1;2275537-117;1.0
339;204404;Lucas Redecker;PSDB;2;2275537-117;1.0
1542;178844;Pedro Vilela;PSDB;1;531331-284;1.0
1547;178876;Célio Silveira;PSDB;0;531331-284;0.0
1558;178935;Rossoni;PSDB;0;531331-284;0.0
1563;178966;Geovania de Sá;PSDB;1;531331-284;0.0
1565;178977;Eduardo Cury;PSDB;1;531331-284;0.0
314;204358;Beto Pereira;PSDB;1;2275537-117;1.0
1571;178990;Samuel Moreira;PSDB;1;531331-284;0.0
1572;178992;Vitor Lippi;PSDB;0;531331-284;0.0
306;178992;Vitor Lippi;PSDB;0;2275537-117;0.0
305;178990;Samuel Moreira;PSDB;1;2275537-117;0.0
299;178977;Eduardo Cury;PSDB;1;2275537-117;0.0
297;178966;Geovania de Sá;PSDB;1;2275537-117;1.0
1580;204358;Beto Pereira;PSDB;1;531331-284;0.0
292;178935;Rossoni;PSDB;0;2275537-117;0.0
281;178876;Célio Silveira;PSDB;0;2275537-117;0.0
276;178844;Pedro Vilela;PSDB;1;2275537-117;1.0
1361;178992;Vitor Lippi;PSDB;0;531331-317;1.0
761;204404;Lucas Redecker;PSDB;2;2165194-130;1.0
0;62881;Danilo Forte;PSDB;0;2293449-187;0.0
930;178966;Geovania de Sá;PSDB;1;2210757-104;1.0
938;178990;Samuel Moreira;PSDB;1;2210757-104;1.0
788;204471;Mara Rocha;PSDB;1;2165194-130;1.0
1055;62881;Danilo Forte;PSDB;0;2210757-93;1.0
1070;74262;Carlos Sampaio;PSDB;2;2210757-93;1.0
925;178935;Rossoni;PSDB;0;2210757-104;1.0
859;74262;Carlos Sampaio;PSDB;2;2210757-104;1.0
909;178844;Pedro Vilela;PSDB;1;2210757-104;1.0
939;178992;Vitor Lippi;PSDB;0;2210757-104;1.0
836;207176;Bia Cavassa;PSDB;1;2165194-130;1.0
972;204404;Lucas Redecker;PSDB;2;2210757-104;1.0
1047;207176;Bia Cavassa;PSDB;1;2210757-104;1.0
932;178977;Eduardo Cury;PSDB;1;2210757-104;1.0
947;204358;Beto Pereira;PSDB;1;2210757-104;1.0
999;204471;Mara Rocha;PSDB;1;2210757-104;1.0
844;62881;Danilo Forte;PSDB;0;2210757-104;1.0
1376;204369;Caroline de Toni;PSL;1;531331-317;1.0
1375;204368;Fabio Schiochet;PSL;1;531331-317;1.0
1374;204367;Daniel Freitas;PSL;1;531331-317;1.0
191;204547;Léo Motta;PSL;0;2293449-187;0.5
201;205863;Marcelo Brum;PSL;0;2293449-187;1.0
1007;204484;General Peternelli;PSL;0;2210757-104;1.0
954;204369;Caroline de Toni;PSL;1;2210757-104;1.0
953;204368;Fabio Schiochet;PSL;1;2210757-104;1.0
830;204565;Professora Dayane Pimentel;PSL;2;2165194-130;1.0
1016;204512;Delegado Marcelo Freitas;PSL;1;2210757-104;1.0
1366;204351;Dr. Luiz Ovando;PSL;0;531331-317;1.0
1009;204490;Charlles Evangelista;PSL;0;2210757-104;1.0
197;204565;Professora Dayane Pimentel;PSL;2;2293449-187;0.0
1015;204507;Carla Zambelli;PSL;0;2210757-104;1.0
1017;204513;Guiga Peixoto;PSL;1;2210757-104;1.0
1012;204502;Bozzella;PSL;1;2210757-104;1.0
1382;204378;Coronel Chrisóstomo;PSL;0;531331-317;1.0
1674;204565;Professora Dayane Pimentel;PSL;2;531331-284;0.0
1411;204442;Gurgel;PSL;0;531331-317;1.0
1648;204507;Carla Zambelli;PSL;0;531331-284;0.0
1649;204512;Delegado Marcelo Freitas;PSL;1;531331-284;0.0
1650;204513;Guiga Peixoto;PSL;1;531331-284;0.0
1654;204520;Junio Amaral;PSL;2;531331-284;0.0
1655;204521;Abou Anni;PSL;0;531331-284;0.0
235;81297;Dra. Soraya Manato;PSL;0;2275537-117;0.0
1401;204420;Julian Lemos;PSL;1;531331-317;1.0
1399;204415;Nereu Crispim;PSL;1;531331-317;1.0
1678;205863;Marcelo Brum;PSL;0;531331-284;0.0
961;204382;Loester Trutis;PSL;0;2210757-104;1.0
1004;204477;Felício Laterça;PSL;0;2210757-104;1.0
1393;204400;Aline Sleutjes;PSL;0;531331-317;1.0
1666;204545;Alê Silva;PSL;0;531331-284;0.0
1667;204546;Joice Hasselmann;PSL;2;531331-284;1.0
1668;204547;Léo Motta;PSL;0;531331-284;0.0
960;204378;Coronel Chrisóstomo;PSL;0;2210757-104;1.0
1383;204382;Loester Trutis;PSL;0;531331-317;1.0
958;204374;Bia Kicis;PSL;0;2210757-104;1.0
1380;204374;Bia Kicis;PSL;0;531331-317;1.0
1397;204411;Filipe Barros;PSL;0;531331-317;1.0
824;204547;Léo Motta;PSL;0;2165194-130;1.0
555;204415;Nereu Crispim;PSL;1;2275537-102;1.0
1021;204520;Junio Amaral;PSL;2;2210757-104;1.0
163;204484;General Peternelli;PSL;0;2293449-187;1.0
327;204378;Coronel Chrisóstomo;PSL;0;2275537-117;0.0
557;204420;Julian Lemos;PSL;1;2275537-102;1.0
160;204477;Felício Laterça;PSL;0;2293449-187;1.0
157;204473;General Girão;PSL;1;2293449-187;1.0
153;204462;Chris Tonietto;PSL;1;2293449-187;1.0
567;204442;Gurgel;PSL;0;2275537-102;0.0
151;204460;Carlos Jordy;PSL;0;2293449-187;1.0
568;204446;Professor Joziel;PSL;0;2275537-102;0.0
569;204449;Nelson Barbudo;PSL;0;2275537-102;0.0
1290;81297;Dra. Soraya Manato;PSL;0;531331-317;1.0
570;204451;Delegado Antônio Furtado;PSL;0;2275537-102;0.0
571;204452;Márcio Labre;PSL;0;2275537-102;0.0
572;204455;Luiz Lima;PSL;0;2275537-102;0.0
573;204460;Carlos Jordy;PSL;0;2275537-102;0.0
150;204455;Luiz Lima;PSL;0;2293449-187;1.0
149;204452;Márcio Labre;PSL;0;2293449-187;1.0
148;204451;Delegado Antônio Furtado;PSL;0;2293449-187;1.0
147;204449;Nelson Barbudo;PSL;0;2293449-187;1.0
575;204462;Chris Tonietto;PSL;1;2275537-102;1.0
146;204446;Professor Joziel;PSL;0;2293449-187;1.0
553;204411;Filipe Barros;PSL;0;2275537-102;0.0
190;204546;Joice Hasselmann;PSL;2;2293449-187;0.0
165;204490;Charlles Evangelista;PSL;0;2293449-187;1.0
805;204512;Delegado Marcelo Freitas;PSL;1;2165194-130;1.0
189;204545;Alê Silva;PSL;0;2293449-187;1.0
522;204351;Dr. Luiz Ovando;PSL;0;2275537-102;0.0
952;204367;Daniel Freitas;PSL;1;2210757-104;1.0
823;204546;Joice Hasselmann;PSL;2;2165194-130;1.0
530;204367;Daniel Freitas;PSL;1;2275537-102;1.0
531;204368;Fabio Schiochet;PSL;1;2275537-102;1.0
532;204369;Caroline de Toni;PSL;1;2275537-102;1.0
178;204521;Abou Anni;PSL;0;2293449-187;1.0
822;204545;Alê Silva;PSL;0;2165194-130;1.0
177;204520;Junio Amaral;PSL;2;2293449-187;1.0
173;204513;Guiga Peixoto;PSL;1;2293449-187;1.0
172;204512;Delegado Marcelo Freitas;PSL;1;2293449-187;1.0
171;204507;Carla Zambelli;PSL;0;2293449-187;1.0
536;204374;Bia Kicis;PSL;0;2275537-102;0.0
538;204378;Coronel Chrisóstomo;PSL;0;2275537-102;0.0
1712;81297;Dra. Soraya Manato;PSL;0;2166595-59;1.0
539;204382;Loester Trutis;PSL;0;2275537-102;0.0
811;204521;Abou Anni;PSL;0;2165194-130;1.0
810;204520;Junio Amaral;PSL;2;2165194-130;1.0
806;204513;Guiga Peixoto;PSL;1;2165194-130;1.0
549;204400;Aline Sleutjes;PSL;0;2275537-102;0.0
168;204502;Bozzella;PSL;1;2293449-187;0.0
1022;204521;Abou Anni;PSL;0;2210757-104;1.0
1416;204455;Luiz Lima;PSL;0;531331-317;1.0
1413;204449;Nelson Barbudo;PSL;0;531331-317;1.0
361;204455;Luiz Lima;PSL;0;2275537-117;0.0
362;204460;Carlos Jordy;PSL;0;2275537-117;0.0
364;204462;Chris Tonietto;PSL;1;2275537-117;1.0
1594;204382;Loester Trutis;PSL;0;531331-284;0.0
989;204442;Gurgel;PSL;0;2210757-104;1.0
368;204473;General Girão;PSL;1;2275537-117;0.0
1501;81297;Dra. Soraya Manato;PSL;0;531331-284;0.0
371;204477;Felício Laterça;PSL;0;2275537-117;0.0
374;204484;General Peternelli;PSL;0;2275537-117;0.0
1593;204378;Coronel Chrisóstomo;PSL;0;531331-284;0.0
376;204490;Charlles Evangelista;PSL;0;2275537-117;0.0
990;204446;Professor Joziel;PSL;0;2210757-104;1.0
991;204449;Nelson Barbudo;PSL;0;2210757-104;1.0
379;204502;Bozzella;PSL;1;2275537-117;1.0
1608;204411;Filipe Barros;PSL;0;531331-284;0.0
992;204451;Delegado Antônio Furtado;PSL;0;2210757-104;1.0
382;204507;Carla Zambelli;PSL;0;2275537-117;0.0
868;81297;Dra. Soraya Manato;PSL;0;2210757-104;1.0
383;204512;Delegado Marcelo Freitas;PSL;1;2275537-117;1.0
384;204513;Guiga Peixoto;PSL;1;2275537-117;1.0
1604;204400;Aline Sleutjes;PSL;0;531331-284;0.0
388;204520;Junio Amaral;PSL;2;2275537-117;1.0
360;204452;Márcio Labre;PSL;0;2275537-117;0.0
359;204451;Delegado Antônio Furtado;PSL;0;2275537-117;0.0
325;204374;Bia Kicis;PSL;0;2275537-117;0.0
321;204369;Caroline de Toni;PSL;1;2275537-117;1.0
320;204368;Fabio Schiochet;PSL;1;2275537-117;0.0
979;204420;Julian Lemos;PSL;1;2210757-104;1.0
319;204367;Daniel Freitas;PSL;1;2275537-117;0.0
311;204351;Dr. Luiz Ovando;PSL;0;2275537-117;0.0
338;204400;Aline Sleutjes;PSL;0;2275537-117;0.0
342;204411;Filipe Barros;PSL;0;2275537-117;0.0
344;204415;Nereu Crispim;PSL;1;2275537-117;0.0
1591;204374;Bia Kicis;PSL;0;531331-284;0.0
977;204415;Nereu Crispim;PSL;1;2210757-104;1.0
975;204411;Filipe Barros;PSL;0;2210757-104;1.0
1577;204351;Dr. Luiz Ovando;PSL;0;531331-284;0.0
971;204400;Aline Sleutjes;PSL;0;2210757-104;1.0
356;204442;Gurgel;PSL;0;2275537-117;0.0
1585;204367;Daniel Freitas;PSL;1;531331-284;0.0
357;204446;Professor Joziel;PSL;0;2275537-117;0.0
358;204449;Nelson Barbudo;PSL;0;2275537-117;0.0
1586;204368;Fabio Schiochet;PSL;1;531331-284;0.0
1587;204369;Caroline de Toni;PSL;1;531331-284;0.0
346;204420;Julian Lemos;PSL;1;2275537-117;1.0
1610;204415;Nereu Crispim;PSL;1;531331-284;0.0
389;204521;Abou Anni;PSL;0;2275537-117;0.0
1612;204420;Julian Lemos;PSL;1;531331-284;0.0
1001;204473;General Girão;PSL;1;2210757-104;1.0
1439;204513;Guiga Peixoto;PSL;1;531331-317;1.0
1438;204512;Delegado Marcelo Freitas;PSL;1;531331-317;1.0
1437;204507;Carla Zambelli;PSL;0;531331-317;1.0
1637;204477;Felício Laterça;PSL;0;531331-284;0.0
1434;204502;Bozzella;PSL;1;531331-317;1.0
1431;204490;Charlles Evangelista;PSL;0;531331-317;1.0
1640;204484;General Peternelli;PSL;0;531331-284;0.0
1429;204484;General Peternelli;PSL;0;531331-317;1.0
1634;204473;General Girão;PSL;1;531331-284;0.0
446;81297;Dra. Soraya Manato;PSL;0;2275537-102;0.0
1426;204477;Felício Laterça;PSL;0;531331-317;1.0
1423;204473;General Girão;PSL;1;531331-317;1.0
1645;204502;Bozzella;PSL;1;531331-284;0.0
834;205863;Marcelo Brum;PSL;0;2165194-130;1.0
1419;204462;Chris Tonietto;PSL;1;531331-317;0.0
1417;204460;Carlos Jordy;PSL;0;531331-317;1.0
145;204442;Gurgel;PSL;0;2293449-187;1.0
1415;204452;Márcio Labre;PSL;0;531331-317;1.0
1414;204451;Delegado Antônio Furtado;PSL;0;531331-317;1.0
1642;204490;Charlles Evangelista;PSL;0;531331-284;0.0
1443;204520;Junio Amaral;PSL;2;531331-317;0.0
1444;204521;Abou Anni;PSL;0;531331-317;1.0
1630;204462;Chris Tonietto;PSL;1;531331-284;0.0
993;204452;Márcio Labre;PSL;0;2210757-104;1.0
994;204455;Luiz Lima;PSL;0;2210757-104;1.0
400;204545;Alê Silva;PSL;0;2275537-117;0.0
401;204546;Joice Hasselmann;PSL;2;2275537-117;1.0
402;204547;Léo Motta;PSL;0;2275537-117;0.0
995;204460;Carlos Jordy;PSL;0;2210757-104;1.0
1467;205863;Marcelo Brum;PSL;0;531331-317;1.0
1463;204565;Professora Dayane Pimentel;PSL;2;531331-317;0.0
408;204565;Professora Dayane Pimentel;PSL;2;2275537-117;1.0
1622;204442;Gurgel;PSL;0;531331-284;0.0
1623;204446;Professor Joziel;PSL;0;531331-284;0.0
997;204462;Chris Tonietto;PSL;1;2210757-104;1.0
1624;204449;Nelson Barbudo;PSL;0;531331-284;0.0
1457;204547;Léo Motta;PSL;0;531331-317;0.5
1456;204546;Joice Hasselmann;PSL;2;531331-317;0.0
1455;204545;Alê Silva;PSL;0;531331-317;1.0
1625;204451;Delegado Antônio Furtado;PSL;0;531331-284;0.0
1626;204452;Márcio Labre;PSL;0;531331-284;0.5
412;205863;Marcelo Brum;PSL;0;2275537-117;0.0
1627;204455;Luiz Lima;PSL;0;531331-284;0.0
1628;204460;Carlos Jordy;PSL;0;531331-284;0.0
1412;204446;Professor Joziel;PSL;0;531331-317;1.0
804;204507;Carla Zambelli;PSL;0;2165194-130;1.0
328;204382;Loester Trutis;PSL;0;2275537-117;0.0
582;204477;Felício Laterça;PSL;0;2275537-102;0.0
1865;204520;Junio Amaral;PSL;2;2166595-59;0.0
750;204382;Loester Trutis;PSL;0;2165194-130;1.0
1796;204367;Daniel Freitas;PSL;1;2166595-59;1.0
1797;204368;Fabio Schiochet;PSL;1;2166595-59;1.0
1798;204369;Caroline de Toni;PSL;1;2166595-59;1.0
657;81297;Dra. Soraya Manato;PSL;0;2165194-130;1.0
1802;204374;Bia Kicis;PSL;0;2166595-59;1.0
1866;204521;Abou Anni;PSL;0;2166595-59;1.0
1190;204420;Julian Lemos;PSL;1;2210757-93;1.0
1861;204513;Guiga Peixoto;PSL;1;2166595-59;1.0
1188;204415;Nereu Crispim;PSL;1;2210757-93;1.0
1804;204378;Coronel Chrisóstomo;PSL;0;2166595-59;1.0
1186;204411;Filipe Barros;PSL;0;2210757-93;1.0
1805;204382;Loester Trutis;PSL;0;2166595-59;1.0
1182;204400;Aline Sleutjes;PSL;0;2210757-93;1.0
747;204374;Bia Kicis;PSL;0;2165194-130;1.0
749;204378;Coronel Chrisóstomo;PSL;0;2165194-130;1.0
1860;204512;Delegado Marcelo Freitas;PSL;1;2166595-59;1.0
100;204351;Dr. Luiz Ovando;PSL;0;2293449-187;1.0
1201;204446;Professor Joziel;PSL;0;2210757-93;1.0
24;81297;Dra. Soraya Manato;PSL;0;2293449-187;1.0
110;204369;Caroline de Toni;PSL;1;2293449-187;1.0
1215;204477;Felício Laterça;PSL;0;2210757-93;1.0
109;204368;Fabio Schiochet;PSL;1;2293449-187;1.0
1788;204351;Dr. Luiz Ovando;PSL;0;2166595-59;1.0
1212;204473;General Girão;PSL;1;2210757-93;1.0
1045;205863;Marcelo Brum;PSL;0;2210757-104;1.0
1200;204442;Gurgel;PSL;0;2210757-93;1.0
798;204490;Charlles Evangelista;PSL;0;2165194-130;1.0
1208;204462;Chris Tonietto;PSL;1;2210757-93;1.0
783;204455;Luiz Lima;PSL;0;2165194-130;1.0
1206;204460;Carlos Jordy;PSL;0;2210757-93;1.0
1205;204455;Luiz Lima;PSL;0;2210757-93;1.0
1204;204452;Márcio Labre;PSL;0;2210757-93;1.0
1203;204451;Delegado Antônio Furtado;PSL;0;2210757-93;1.0
1202;204449;Nelson Barbudo;PSL;0;2210757-93;1.0
108;204367;Daniel Freitas;PSL;1;2293449-187;1.0
1877;204545;Alê Silva;PSL;0;2166595-59;1.0
579;204473;General Girão;PSL;1;2275537-102;1.0
1859;204507;Carla Zambelli;PSL;0;2166595-59;1.0
1835;204449;Nelson Barbudo;PSL;0;2166595-59;1.0
1836;204451;Delegado Antônio Furtado;PSL;0;2166595-59;1.0
793;204477;Felício Laterça;PSL;0;2165194-130;1.0
790;204473;General Girão;PSL;1;2165194-130;1.0
1837;204452;Márcio Labre;PSL;0;2166595-59;1.0
1838;204455;Luiz Lima;PSL;0;2166595-59;1.0
1839;204460;Carlos Jordy;PSL;0;2166595-59;1.0
1834;204446;Professor Joziel;PSL;0;2166595-59;1.0
1853;204490;Charlles Evangelista;PSL;0;2166595-59;1.0
780;204449;Nelson Barbudo;PSL;0;2165194-130;1.0
1845;204473;General Girão;PSL;1;2166595-59;1.0
786;204462;Chris Tonietto;PSL;1;2165194-130;1.0
1851;204484;General Peternelli;PSL;0;2166595-59;1.0
784;204460;Carlos Jordy;PSL;0;2165194-130;1.0
1848;204477;Felício Laterça;PSL;0;2166595-59;1.0
781;204451;Delegado Antônio Furtado;PSL;0;2165194-130;1.0
1841;204462;Chris Tonietto;PSL;1;2166595-59;1.0
1815;204400;Aline Sleutjes;PSL;0;2166595-59;1.0
733;204351;Dr. Luiz Ovando;PSL;0;2165194-130;1.0
1155;204351;Dr. Luiz Ovando;PSL;0;2210757-93;1.0
1172;204382;Loester Trutis;PSL;0;2210757-93;1.0
1171;204378;Coronel Chrisóstomo;PSL;0;2210757-93;1.0
1169;204374;Bia Kicis;PSL;0;2210757-93;1.0
1819;204411;Filipe Barros;PSL;0;2166595-59;1.0
743;204369;Caroline de Toni;PSL;1;2165194-130;1.0
1821;204415;Nereu Crispim;PSL;1;2166595-59;1.0
1165;204369;Caroline de Toni;PSL;1;2210757-93;1.0
1833;204442;Gurgel;PSL;0;2166595-59;1.0
1164;204368;Fabio Schiochet;PSL;1;2210757-93;1.0
1823;204420;Julian Lemos;PSL;1;2166595-59;1.0
742;204368;Fabio Schiochet;PSL;1;2165194-130;1.0
741;204367;Daniel Freitas;PSL;1;2165194-130;1.0
778;204442;Gurgel;PSL;0;2165194-130;1.0
796;204484;General Peternelli;PSL;0;2165194-130;1.0
1856;204502;Bozzella;PSL;1;2166595-59;1.0
779;204446;Professor Joziel;PSL;0;2165194-130;1.0
1163;204367;Daniel Freitas;PSL;1;2210757-93;1.0
1878;204546;Joice Hasselmann;PSL;2;2166595-59;1.0
782;204452;Márcio Labre;PSL;0;2165194-130;1.0
1218;204484;General Peternelli;PSL;0;2210757-93;0.5
760;204400;Aline Sleutjes;PSL;0;2165194-130;1.0
619;204565;Professora Dayane Pimentel;PSL;2;2275537-102;1.0
1885;204565;Professora Dayane Pimentel;PSL;2;2166595-59;1.0
766;204415;Nereu Crispim;PSL;1;2165194-130;1.0
1033;204545;Alê Silva;PSL;0;2210757-104;1.0
764;204411;Filipe Barros;PSL;0;2165194-130;1.0
590;204502;Bozzella;PSL;1;2275537-102;1.0
613;204547;Léo Motta;PSL;0;2275537-102;0.5
1034;204546;Joice Hasselmann;PSL;2;2210757-104;1.0
133;204415;Nereu Crispim;PSL;1;2293449-187;1.0
587;204490;Charlles Evangelista;PSL;0;2275537-102;0.0
944;204351;Dr. Luiz Ovando;PSL;0;2210757-104;1.0
1079;81297;Dra. Soraya Manato;PSL;0;2210757-93;1.0
1244;204545;Alê Silva;PSL;0;2210757-93;1.0
1245;204546;Joice Hasselmann;PSL;2;2210757-93;1.0
1252;204565;Professora Dayane Pimentel;PSL;2;2210757-93;1.0
131;204411;Filipe Barros;PSL;0;2293449-187;1.0
1246;204547;Léo Motta;PSL;0;2210757-93;1.0
127;204400;Aline Sleutjes;PSL;0;2293449-187;1.0
593;204507;Carla Zambelli;PSL;0;2275537-102;0.0
1035;204547;Léo Motta;PSL;0;2210757-104;1.0
611;204545;Alê Silva;PSL;0;2275537-102;0.0
612;204546;Joice Hasselmann;PSL;2;2275537-102;1.0
801;204502;Bozzella;PSL;1;2165194-130;1.0
600;204521;Abou Anni;PSL;0;2275537-102;0.0
594;204512;Delegado Marcelo Freitas;PSL;1;2275537-102;1.0
599;204520;Junio Amaral;PSL;2;2275537-102;1.0
1220;204490;Charlles Evangelista;PSL;0;2210757-93;1.0
595;204513;Guiga Peixoto;PSL;1;2275537-102;1.0
114;204374;Bia Kicis;PSL;0;2293449-187;1.0
1223;204502;Bozzella;PSL;1;2210757-93;1.0
768;204420;Julian Lemos;PSL;1;2165194-130;1.0
116;204378;Coronel Chrisóstomo;PSL;0;2293449-187;1.0
1226;204507;Carla Zambelli;PSL;0;2210757-93;1.0
1227;204512;Delegado Marcelo Freitas;PSL;1;2210757-93;1.0
585;204484;General Peternelli;PSL;0;2275537-102;0.0
1228;204513;Guiga Peixoto;PSL;1;2210757-93;1.0
1256;205863;Marcelo Brum;PSL;0;2210757-93;1.0
1879;204547;Léo Motta;PSL;0;2166595-59;1.0
1232;204520;Junio Amaral;PSL;2;2210757-93;1.0
117;204382;Loester Trutis;PSL;0;2293449-187;1.0
1889;205863;Marcelo Brum;PSL;0;2166595-59;1.0
1233;204521;Abou Anni;PSL;0;2210757-93;1.0
1041;204565;Professora Dayane Pimentel;PSL;2;2210757-104;1.0
623;205863;Marcelo Brum;PSL;0;2275537-102;0.0
135;204420;Julian Lemos;PSL;1;2293449-187;1.0
671;152605;Glauber Braga;PSOL;2;2165194-130;1.0
552;204407;Fernanda Melchionna;PSOL;2;2275537-102;1.0
1607;204407;Fernanda Melchionna;PSOL;2;531331-284;0.0
249;152605;Glauber Braga;PSOL;2;2275537-117;1.0
1818;204407;Fernanda Melchionna;PSOL;2;2166595-59;0.0
420;215044;Vivi Reis;PSOL;2;2275537-117;1.0
341;204407;Fernanda Melchionna;PSOL;2;2275537-117;1.0
1304;152605;Glauber Braga;PSOL;2;531331-317;0.0
130;204407;Fernanda Melchionna;PSOL;2;2293449-187;0.0
1726;152605;Glauber Braga;PSOL;2;2166595-59;0.0
1264;215044;Vivi Reis;PSOL;2;2210757-93;1.0
763;204407;Fernanda Melchionna;PSOL;2;2165194-130;1.0
1185;204407;Fernanda Melchionna;PSOL;2;2210757-93;1.0
1053;215044;Vivi Reis;PSOL;2;2210757-104;1.0
974;204407;Fernanda Melchionna;PSOL;2;2210757-104;1.0
460;152605;Glauber Braga;PSOL;2;2275537-102;1.0
1093;152605;Glauber Braga;PSOL;2;2210757-93;1.0
1396;204407;Fernanda Melchionna;PSOL;2;531331-317;0.0
842;215044;Vivi Reis;PSOL;2;2165194-130;1.0
1515;152605;Glauber Braga;PSOL;2;531331-284;0.0
1475;215044;Vivi Reis;PSOL;2;531331-317;0.0
882;152605;Glauber Braga;PSOL;2;2210757-104;1.0
631;215044;Vivi Reis;PSOL;2;2275537-102;1.0
38;152605;Glauber Braga;PSOL;2;2293449-187;0.0
1897;215044;Vivi Reis;PSOL;2;2166595-59;0.0
209;215044;Vivi Reis;PSOL;2;2293449-187;0.0
1686;215044;Vivi Reis;PSOL;2;531331-284;0.0
47;160569;Waldenor Pereira;PT;0;2293449-187;0.0
52;160610;Valmir Assunção;PT;0;2293449-187;0.0
49;160575;Erika Kokay;PT;0;2293449-187;0.0
2;73433;Arlindo Chinaglia;PT;0;2293449-187;0.0
263;160610;Valmir Assunção;PT;0;2275537-117;0.0
848;73482;Henrique Fontana;PT;0;2210757-104;1.0
51;160592;Zeca Dirceu;PT;0;2293449-187;0.0
8;73701;Benedita da Silva;PT;0;2293449-187;0.0
322;204370;Célio Moura;PT;0;2275537-117;0.0
4;73482;Henrique Fontana;PT;0;2293449-187;0.0
1555;178925;Rejane Dias;PT;0;531331-284;0.0
13;74160;Patrus Ananias;PT;0;2293449-187;0.0
862;74376;Vander Loubet;PT;0;2210757-104;1.0
913;178873;Helder Salomão;PT;0;2210757-104;1.0
1880;204555;José Ricardo;PT;0;2166595-59;1.0
1588;204370;Célio Moura;PT;0;531331-284;0.0
289;178925;Rejane Dias;PT;0;2275537-117;0.0
28;132504;Enio Verri;PT;0;2293449-187;0.0
968;204393;Frei Anastacio Ribeiro;PT;0;2210757-104;1.0
1882;204559;Zé Neto;PT;0;2166595-59;1.0
860;74283;Vicentinho;PT;0;2210757-104;1.0
34;141470;José Guimarães;PT;0;2293449-187;0.0
18;74376;Vander Loubet;PT;0;2293449-187;0.0
16;74283;Vicentinho;PT;0;2293449-187;0.0
282;178889;Zé Carlos;PT;0;2275537-117;0.0
1892;209189;Joseildo Ramos;PT;0;2166595-59;1.0
40;160508;Afonso Florence;PT;0;2293449-187;0.0
280;178873;Helder Salomão;PT;0;2275537-117;0.0
857;74160;Patrus Ananias;PT;0;2210757-104;1.0
279;178866;Luizianne Lins;PT;0;2275537-117;0.0
1601;204393;Frei Anastacio Ribeiro;PT;0;531331-284;0.0
1574;188097;Merlong Solano;PT;0;531331-284;0.0
273;171617;Paulão;PT;0;2275537-117;0.0
45;160556;Padre João;PT;0;2293449-187;0.0
852;73701;Benedita da Silva;PT;0;2210757-104;1.0
912;178866;Luizianne Lins;PT;0;2210757-104;1.0
1857;204503;Alexandre Padilha;PT;0;2166595-59;1.0
308;188097;Merlong Solano;PT;0;2275537-117;0.0
44;160535;Marcon;PT;0;2293449-187;0.0
33;141464;José Airton Félix Cirilo;PT;0;2293449-187;0.0
896;160610;Valmir Assunção;PT;0;2210757-104;1.0
1617;204428;Marília Arraes;PT;0;531331-284;0.0
877;141464;José Airton Félix Cirilo;PT;0;2210757-104;1.0
124;204393;Frei Anastacio Ribeiro;PT;0;2293449-187;0.0
941;188097;Merlong Solano;PT;0;2210757-104;1.0
884;160508;Afonso Florence;PT;0;2210757-104;1.0
1706;74376;Vander Loubet;PT;0;2166595-59;1.0
1704;74283;Vicentinho;PT;0;2166595-59;1.0
872;132504;Enio Verri;PT;0;2210757-104;1.0
169;204503;Alexandre Padilha;PT;0;2293449-187;0.0
1701;74160;Patrus Ananias;PT;0;2166595-59;1.0
111;204370;Célio Moura;PT;0;2293449-187;0.0
192;204555;José Ricardo;PT;0;2293449-187;0.0
1785;188097;Merlong Solano;PT;0;2166595-59;1.0
194;204559;Zé Neto;PT;0;2293449-187;0.0
1692;73482;Henrique Fontana;PT;0;2166595-59;1.0
1690;73433;Arlindo Chinaglia;PT;0;2166595-59;1.0
955;204370;Célio Moura;PT;0;2210757-104;1.0
1696;73701;Benedita da Silva;PT;0;2166595-59;1.0
1716;132504;Enio Verri;PT;0;2166595-59;1.0
1766;178925;Rejane Dias;PT;0;2166595-59;1.0
1721;141464;José Airton Félix Cirilo;PT;0;2166595-59;1.0
140;204428;Marília Arraes;PT;0;2293449-187;0.0
1750;171617;Paulão;PT;0;2166595-59;1.0
139;204426;Carlos Veras;PT;0;2293449-187;0.0
1756;178866;Luizianne Lins;PT;0;2166595-59;1.0
1740;160610;Valmir Assunção;PT;0;2166595-59;1.0
1739;160592;Zeca Dirceu;PT;0;2166595-59;1.0
1757;178873;Helder Salomão;PT;0;2166595-59;1.0
1759;178889;Zé Carlos;PT;0;2166595-59;1.0
1737;160575;Erika Kokay;PT;0;2166595-59;1.0
1735;160569;Waldenor Pereira;PT;0;2166595-59;1.0
154;204467;Professora Rosa Neide;PT;0;2293449-187;0.0
1733;160556;Padre João;PT;0;2166595-59;1.0
1732;160535;Marcon;PT;0;2166595-59;1.0
878;141470;José Guimarães;PT;0;2210757-104;1.0
1728;160508;Afonso Florence;PT;0;2166595-59;1.0
161;204480;Rogério Correia;PT;0;2293449-187;0.0
1722;141470;José Guimarães;PT;0;2166595-59;1.0
1681;209189;Joseildo Ramos;PT;0;531331-284;0.0
1616;204426;Carlos Veras;PT;0;531331-284;0.0
204;209189;Joseildo Ramos;PT;0;2293449-187;0.0
889;160556;Padre João;PT;0;2210757-104;1.0
1827;204426;Carlos Veras;PT;0;2166595-59;1.0
1828;204428;Marília Arraes;PT;0;2166595-59;1.0
251;160508;Afonso Florence;PT;0;2275537-117;0.0
69;178873;Helder Salomão;PT;0;2293449-187;0.0
68;178866;Luizianne Lins;PT;0;2293449-187;0.0
255;160535;Marcon;PT;0;2275537-117;0.0
1631;204467;Professora Rosa Neide;PT;0;531331-284;0.0
1638;204480;Rogério Correia;PT;0;531331-284;0.0
256;160556;Padre João;PT;0;2275537-117;0.0
1842;204467;Professora Rosa Neide;PT;0;2166595-59;1.0
62;171617;Paulão;PT;0;2293449-187;0.0
922;178925;Rejane Dias;PT;0;2210757-104;1.0
258;160569;Waldenor Pereira;PT;0;2275537-117;0.0
260;160575;Erika Kokay;PT;0;2275537-117;1.0
1849;204480;Rogério Correia;PT;0;2166595-59;1.0
262;160592;Zeca Dirceu;PT;0;2275537-117;0.0
906;171617;Paulão;PT;0;2210757-104;1.0
71;178889;Zé Carlos;PT;0;2293449-187;0.0
245;141470;José Guimarães;PT;0;2275537-117;0.0
1646;204503;Alexandre Padilha;PT;0;531331-284;0.0
1671;204559;Zé Neto;PT;0;531331-284;0.0
213;73433;Arlindo Chinaglia;PT;0;2275537-117;0.0
1669;204555;José Ricardo;PT;0;531331-284;0.0
97;188097;Merlong Solano;PT;0;2293449-187;0.0
215;73482;Henrique Fontana;PT;0;2275537-117;0.0
219;73701;Benedita da Silva;PT;0;2275537-117;0.0
1799;204370;Célio Moura;PT;0;2166595-59;1.0
224;74160;Patrus Ananias;PT;0;2275537-117;0.0
227;74283;Vicentinho;PT;0;2275537-117;0.0
891;160569;Waldenor Pereira;PT;0;2210757-104;1.0
229;74376;Vander Loubet;PT;0;2275537-117;0.0
239;132504;Enio Verri;PT;0;2275537-117;0.0
893;160575;Erika Kokay;PT;0;2210757-104;1.0
895;160592;Zeca Dirceu;PT;0;2210757-104;1.0
1812;204393;Frei Anastacio Ribeiro;PT;0;2166595-59;1.0
78;178925;Rejane Dias;PT;0;2293449-187;0.0
244;141464;José Airton Félix Cirilo;PT;0;2275537-117;0.0
888;160535;Marcon;PT;0;2210757-104;1.0
1073;74376;Vander Loubet;PT;0;2210757-93;1.0
1485;73701;Benedita da Silva;PT;0;531331-284;0.0
1427;204480;Rogério Correia;PT;0;531331-317;1.0
1209;204467;Professora Rosa Neide;PT;0;2210757-93;1.0
646;74160;Patrus Ananias;PT;0;2165194-130;1.0
462;160508;Afonso Florence;PT;0;2275537-102;0.0
641;73701;Benedita da Silva;PT;0;2165194-130;1.0
466;160535;Marcon;PT;0;2275537-102;0.0
1216;204480;Rogério Correia;PT;0;2210757-93;1.0
467;160556;Padre João;PT;0;2275537-102;0.0
649;74283;Vicentinho;PT;0;2165194-130;1.0
1390;204393;Frei Anastacio Ribeiro;PT;0;531331-317;1.0
471;160575;Erika Kokay;PT;0;2275537-102;0.0
473;160592;Zeca Dirceu;PT;0;2275537-102;0.0
474;160610;Valmir Assunção;PT;0;2275537-102;0.0
1005;204480;Rogério Correia;PT;0;2210757-104;1.0
637;73482;Henrique Fontana;PT;0;2165194-130;1.0
1088;141464;José Airton Félix Cirilo;PT;0;2210757-93;1.0
635;73433;Arlindo Chinaglia;PT;0;2165194-130;1.0
469;160569;Waldenor Pereira;PT;0;2275537-102;0.0
1311;160556;Padre João;PT;0;531331-317;1.0
651;74376;Vander Loubet;PT;0;2165194-130;1.0
1405;204426;Carlos Veras;PT;0;531331-317;1.0
666;141464;José Airton Félix Cirilo;PT;0;2165194-130;1.0
440;74376;Vander Loubet;PT;0;2275537-102;0.0
562;204428;Marília Arraes;PT;0;2275537-102;0.0
661;132504;Enio Verri;PT;0;2165194-130;1.0
1300;141470;José Guimarães;PT;0;531331-317;1.0
1294;132504;Enio Verri;PT;0;531331-317;1.0
1048;209189;Joseildo Ramos;PT;0;2210757-104;1.0
450;132504;Enio Verri;PT;0;2275537-102;0.0
1420;204467;Professora Rosa Neide;PT;0;531331-317;1.0
455;141464;José Airton Félix Cirilo;PT;0;2275537-102;0.0
456;141470;José Guimarães;PT;0;2275537-102;0.0
1194;204426;Carlos Veras;PT;0;2210757-93;1.0
915;178889;Zé Carlos;PT;0;2210757-104;1.0
1071;74283;Vicentinho;PT;0;2210757-93;1.0
1195;204428;Marília Arraes;PT;0;2210757-93;1.0
1310;160535;Marcon;PT;0;531331-317;1.0
1406;204428;Marília Arraes;PT;0;531331-317;1.0
1224;204503;Alexandre Padilha;PT;0;2210757-93;1.0
626;209189;Joseildo Ramos;PT;0;2275537-102;0.0
1313;160569;Waldenor Pereira;PT;0;531331-317;0.0
1377;204370;Célio Moura;PT;0;531331-317;1.0
1270;73482;Henrique Fontana;PT;0;531331-317;1.0
1344;178925;Rejane Dias;PT;0;531331-317;1.0
533;204370;Célio Moura;PT;0;2275537-102;0.0
583;204480;Rogério Correia;PT;0;2275537-102;0.0
1337;178889;Zé Carlos;PT;0;531331-317;1.0
1274;73701;Benedita da Silva;PT;0;531331-317;1.0
1335;178873;Helder Salomão;PT;0;531331-317;1.0
1334;178866;Luizianne Lins;PT;0;531331-317;1.0
576;204467;Professora Rosa Neide;PT;0;2275537-102;0.0
1279;74160;Patrus Ananias;PT;0;531331-317;1.0
1104;160575;Erika Kokay;PT;0;2210757-93;1.0
1282;74283;Vicentinho;PT;0;531331-317;1.0
1328;171617;Paulão;PT;0;531331-317;1.0
1095;160508;Afonso Florence;PT;0;2210757-93;1.0
1284;74376;Vander Loubet;PT;0;531331-317;0.0
546;204393;Frei Anastacio Ribeiro;PT;0;2275537-102;0.0
1315;160575;Erika Kokay;PT;0;531331-317;1.0
1268;73433;Arlindo Chinaglia;PT;0;531331-317;1.0
1435;204503;Alexandre Padilha;PT;0;531331-317;1.0
519;188097;Merlong Solano;PT;0;2275537-102;0.0
825;204555;José Ricardo;PT;0;2165194-130;1.0
484;171617;Paulão;PT;0;2275537-102;0.0
802;204503;Alexandre Padilha;PT;0;2165194-130;1.0
616;204559;Zé Neto;PT;0;2275537-102;0.0
614;204555;José Ricardo;PT;0;2275537-102;0.0
757;204393;Frei Anastacio Ribeiro;PT;0;2165194-130;1.0
1247;204555;José Ricardo;PT;0;2210757-93;1.0
490;178866;Luizianne Lins;PT;0;2275537-102;0.0
1249;204559;Zé Neto;PT;0;2210757-93;1.0
1038;204559;Zé Neto;PT;0;2210757-104;1.0
491;178873;Helder Salomão;PT;0;2275537-102;0.0
493;178889;Zé Carlos;PT;0;2275537-102;0.0
1363;188097;Merlong Solano;PT;0;531331-317;1.0
1036;204555;José Ricardo;PT;0;2210757-104;1.0
500;178925;Rejane Dias;PT;0;2275537-102;0.0
1013;204503;Alexandre Padilha;PT;0;2210757-104;1.0
1259;209189;Joseildo Ramos;PT;0;2210757-93;1.0
827;204559;Zé Neto;PT;0;2165194-130;1.0
591;204503;Alexandre Padilha;PT;0;2275537-102;0.0
1318;160610;Valmir Assunção;PT;0;531331-317;0.0
438;74283;Vicentinho;PT;0;2275537-102;0.0
435;74160;Patrus Ananias;PT;0;2275537-102;0.0
1529;160610;Valmir Assunção;PT;0;531331-284;0.0
1528;160592;Zeca Dirceu;PT;0;531331-284;0.0
351;204428;Marília Arraes;PT;0;2275537-117;0.0
1133;178925;Rejane Dias;PT;0;2210757-93;1.0
1526;160575;Erika Kokay;PT;0;531331-284;0.0
1059;73482;Henrique Fontana;PT;0;2210757-93;1.0
711;178925;Rejane Dias;PT;0;2165194-130;1.0
350;204426;Carlos Veras;PT;0;2275537-117;0.0
1524;160569;Waldenor Pereira;PT;0;531331-284;0.0
1521;160535;Marcon;PT;0;531331-284;0.0
1299;141464;José Airton Félix Cirilo;PT;0;531331-317;1.0
1517;160508;Afonso Florence;PT;0;531331-284;0.0
1057;73433;Arlindo Chinaglia;PT;0;2210757-93;1.0
704;178889;Zé Carlos;PT;0;2165194-130;1.0
787;204467;Professora Rosa Neide;PT;0;2165194-130;1.0
702;178873;Helder Salomão;PT;0;2165194-130;1.0
1522;160556;Padre João;PT;0;531331-284;0.0
772;204426;Carlos Veras;PT;0;2165194-130;1.0
1063;73701;Benedita da Silva;PT;0;2210757-93;1.0
730;188097;Merlong Solano;PT;0;2165194-130;1.0
983;204426;Carlos Veras;PT;0;2210757-104;1.0
335;204393;Frei Anastacio Ribeiro;PT;0;2275537-117;0.0
1106;160592;Zeca Dirceu;PT;0;2210757-93;1.0
1548;178889;Zé Carlos;PT;0;531331-284;0.0
1102;160569;Waldenor Pereira;PT;0;2210757-93;1.0
984;204428;Marília Arraes;PT;0;2210757-104;1.0
1107;160610;Valmir Assunção;PT;0;2210757-93;1.0
1546;178873;Helder Salomão;PT;0;531331-284;0.0
744;204370;Célio Moura;PT;0;2165194-130;1.0
1545;178866;Luizianne Lins;PT;0;531331-284;0.0
1117;171617;Paulão;PT;0;2210757-93;1.0
773;204428;Marília Arraes;PT;0;2165194-130;1.0
1123;178866;Luizianne Lins;PT;0;2210757-93;1.0
1124;178873;Helder Salomão;PT;0;2210757-93;1.0
846;73433;Arlindo Chinaglia;PT;0;2210757-104;1.0
1539;171617;Paulão;PT;0;531331-284;0.0
1126;178889;Zé Carlos;PT;0;2210757-93;1.0
1511;141470;José Guimarães;PT;0;531331-284;0.0
1510;141464;José Airton Félix Cirilo;PT;0;531331-284;0.0
365;204467;Professora Rosa Neide;PT;0;2275537-117;0.0
701;178866;Luizianne Lins;PT;0;2165194-130;1.0
1470;209189;Joseildo Ramos;PT;0;531331-317;1.0
677;160535;Marcon;PT;0;2165194-130;1.0
405;204559;Zé Neto;PT;0;2275537-117;0.0
1166;204370;Célio Moura;PT;0;2210757-93;1.0
1099;160535;Marcon;PT;0;2210757-93;1.0
1089;141470;José Guimarães;PT;0;2210757-93;1.0
1460;204559;Zé Neto;PT;0;531331-317;1.0
1458;204555;José Ricardo;PT;0;531331-317;1.0
673;160508;Afonso Florence;PT;0;2165194-130;1.0
667;141470;José Guimarães;PT;0;2165194-130;1.0
998;204467;Professora Rosa Neide;PT;0;2210757-104;1.0
415;209189;Joseildo Ramos;PT;0;2275537-117;0.0
837;209189;Joseildo Ramos;PT;0;2165194-130;1.0
424;73433;Arlindo Chinaglia;PT;0;2275537-102;0.0
426;73482;Henrique Fontana;PT;0;2275537-102;0.0
1179;204393;Frei Anastacio Ribeiro;PT;0;2210757-93;1.0
430;73701;Benedita da Silva;PT;0;2275537-102;0.0
403;204555;José Ricardo;PT;0;2275537-117;0.0
1083;132504;Enio Verri;PT;0;2210757-93;1.0
678;160556;Padre João;PT;0;2165194-130;1.0
682;160575;Erika Kokay;PT;0;2165194-130;1.0
1505;132504;Enio Verri;PT;0;531331-284;0.0
695;171617;Paulão;PT;0;2165194-130;1.0
1068;74160;Patrus Ananias;PT;0;2210757-93;1.0
1306;160508;Afonso Florence;PT;0;531331-317;1.0
1152;188097;Merlong Solano;PT;0;2210757-93;1.0
372;204480;Rogério Correia;PT;0;2275537-117;0.0
1495;74376;Vander Loubet;PT;0;531331-284;0.0
794;204480;Rogério Correia;PT;0;2165194-130;1.0
1493;74283;Vicentinho;PT;0;531331-284;0.0
561;204426;Carlos Veras;PT;0;2275537-102;0.0
685;160610;Valmir Assunção;PT;0;2165194-130;1.0
1490;74160;Patrus Ananias;PT;0;531331-284;0.0
380;204503;Alexandre Padilha;PT;0;2275537-117;0.0
684;160592;Zeca Dirceu;PT;0;2165194-130;1.0
1481;73482;Henrique Fontana;PT;0;531331-284;0.0
1100;160556;Padre João;PT;0;2210757-93;1.0
1479;73433;Arlindo Chinaglia;PT;0;531331-284;0.0
680;160569;Waldenor Pereira;PT;0;2165194-130;1.0
1317;160592;Zeca Dirceu;PT;0;531331-317;0.0
1710;75431;Maurício Dziedricki;PTB;0;2166595-59;1.0
233;75431;Maurício Dziedricki;PTB;0;2275537-117;1.0
655;75431;Maurício Dziedricki;PTB;0;2165194-130;1.0
444;75431;Maurício Dziedricki;PTB;0;2275537-102;0.0
866;75431;Maurício Dziedricki;PTB;0;2210757-104;1.0
1499;75431;Maurício Dziedricki;PTB;0;531331-284;1.0
1077;75431;Maurício Dziedricki;PTB;0;2210757-93;1.0
1288;75431;Maurício Dziedricki;PTB;0;531331-317;1.0
22;75431;Maurício Dziedricki;PTB;0;2293449-187;1.0
118;204383;Professor Israel Batista;PV;1;2293449-187;0.0
1806;204383;Professor Israel Batista;PV;1;2166595-59;1.0
1173;204383;Professor Israel Batista;PV;1;2210757-93;1.0
751;204383;Professor Israel Batista;PV;1;2165194-130;1.0
540;204383;Professor Israel Batista;PV;1;2275537-102;1.0
962;204383;Professor Israel Batista;PV;1;2210757-104;1.0
329;204383;Professor Israel Batista;PV;1;2275537-117;1.0
1384;204383;Professor Israel Batista;PV;1;531331-317;1.0
1595;204383;Professor Israel Batista;PV;1;531331-284;0.0
1168;204373;Hélio Costa;REPUBLICANOS;1;2210757-93;1.0
1167;204372;Julio Cesar Ribeiro;REPUBLICANOS;0;2210757-93;1.0
1466;205550;Jorge Braz;REPUBLICANOS;0;531331-317;1.0
1822;204418;Luizão Goulart;REPUBLICANOS;0;2166595-59;1.0
767;204418;Luizão Goulart;REPUBLICANOS;0;2165194-130;1.0
560;204425;Silvio Costa Filho;REPUBLICANOS;0;2275537-102;0.0
1464;204575;Gil Cutrim;REPUBLICANOS;0;531331-317;1.0
1615;204425;Silvio Costa Filho;REPUBLICANOS;0;531331-284;0.0
1826;204425;Silvio Costa Filho;REPUBLICANOS;0;2166595-59;1.0
398;204540;Maria Rosas;REPUBLICANOS;0;2275537-117;0.0
1613;204422;Ossesio Silva;REPUBLICANOS;0;531331-284;0.0
1611;204418;Luizão Goulart;REPUBLICANOS;0;531331-284;0.0
1824;204422;Ossesio Silva;REPUBLICANOS;0;2166595-59;1.0
911;178862;Tia Eron;REPUBLICANOS;0;2210757-104;1.0
409;204575;Gil Cutrim;REPUBLICANOS;0;2275537-117;0.0
1157;204356;Amaro Neto;REPUBLICANOS;0;2210757-93;1.0
411;205550;Jorge Braz;REPUBLICANOS;0;2275537-117;0.0
25;109429;Benes Leocádio;REPUBLICANOS;0;2293449-187;1.0
669;141555;Vinicius Carvalho;REPUBLICANOS;0;2165194-130;1.0
1453;204540;Maria Rosas;REPUBLICANOS;0;531331-317;1.0
84;178962;Carlos Gomes;REPUBLICANOS;0;2293449-187;1.0
869;109429;Benes Leocádio;REPUBLICANOS;0;2210757-104;1.0
439;74366;João Campos;REPUBLICANOS;0;2275537-102;0.0
1888;205550;Jorge Braz;REPUBLICANOS;0;2166595-59;1.0
247;141555;Vinicius Carvalho;REPUBLICANOS;0;2275537-117;0.0
447;109429;Benes Leocádio;REPUBLICANOS;0;2275537-102;0.0
658;109429;Benes Leocádio;REPUBLICANOS;0;2165194-130;1.0
1189;204418;Luizão Goulart;REPUBLICANOS;0;2210757-93;1.0
928;178962;Carlos Gomes;REPUBLICANOS;0;2210757-104;1.0
1072;74366;João Campos;REPUBLICANOS;0;2210757-93;1.0
1080;109429;Benes Leocádio;REPUBLICANOS;0;2210757-93;1.0
1191;204422;Ossesio Silva;REPUBLICANOS;0;2210757-93;1.0
324;204373;Hélio Costa;REPUBLICANOS;1;2275537-117;1.0
323;204372;Julio Cesar Ribeiro;REPUBLICANOS;0;2275537-117;0.0
1561;178962;Carlos Gomes;REPUBLICANOS;0;531331-284;0.0
746;204373;Hélio Costa;REPUBLICANOS;1;2165194-130;1.0
745;204372;Julio Cesar Ribeiro;REPUBLICANOS;0;2165194-130;1.0
980;204422;Ossesio Silva;REPUBLICANOS;0;2210757-104;1.0
1544;178862;Tia Eron;REPUBLICANOS;0;531331-284;0.0
735;204356;Amaro Neto;REPUBLICANOS;0;2165194-130;1.0
1122;178862;Tia Eron;REPUBLICANOS;0;2210757-93;1.0
978;204418;Luizão Goulart;REPUBLICANOS;0;2210757-104;1.0
313;204356;Amaro Neto;REPUBLICANOS;0;2275537-117;0.0
345;204418;Luizão Goulart;REPUBLICANOS;0;2275537-117;0.0
347;204422;Ossesio Silva;REPUBLICANOS;0;2275537-117;0.0
349;204425;Silvio Costa Filho;REPUBLICANOS;0;2275537-117;0.0
717;178962;Carlos Gomes;REPUBLICANOS;0;2165194-130;1.0
1579;204356;Amaro Neto;REPUBLICANOS;0;531331-284;0.0
295;178962;Carlos Gomes;REPUBLICANOS;0;2275537-117;0.0
36;141555;Vinicius Carvalho;REPUBLICANOS;0;2293449-187;1.0
771;204425;Silvio Costa Filho;REPUBLICANOS;0;2165194-130;1.0
769;204422;Ossesio Silva;REPUBLICANOS;0;2165194-130;1.0
1139;178962;Carlos Gomes;REPUBLICANOS;0;2210757-93;1.0
1589;204372;Julio Cesar Ribeiro;REPUBLICANOS;0;531331-284;0.0
1590;204373;Hélio Costa;REPUBLICANOS;1;531331-284;0.0
1513;141555;Vinicius Carvalho;REPUBLICANOS;0;531331-284;0.0
700;178862;Tia Eron;REPUBLICANOS;0;2165194-130;1.0
861;74366;João Campos;REPUBLICANOS;0;2210757-104;1.0
1502;109429;Benes Leocádio;REPUBLICANOS;0;531331-284;0.0
278;178862;Tia Eron;REPUBLICANOS;0;2275537-117;0.0
1494;74366;João Campos;REPUBLICANOS;0;531331-284;0.0
67;178862;Tia Eron;REPUBLICANOS;0;2293449-187;1.0
1801;204373;Hélio Costa;REPUBLICANOS;1;2166595-59;1.0
1193;204425;Silvio Costa Filho;REPUBLICANOS;0;2210757-93;1.0
1302;141555;Vinicius Carvalho;REPUBLICANOS;0;531331-317;1.0
609;204540;Maria Rosas;REPUBLICANOS;0;2275537-102;0.0
198;204575;Gil Cutrim;REPUBLICANOS;0;2293449-187;1.0
1253;204575;Gil Cutrim;REPUBLICANOS;0;2210757-93;1.0
134;204418;Luizão Goulart;REPUBLICANOS;0;2293449-187;1.0
1255;205550;Jorge Braz;REPUBLICANOS;0;2210757-93;1.0
831;204575;Gil Cutrim;REPUBLICANOS;0;2165194-130;1.0
946;204356;Amaro Neto;REPUBLICANOS;0;2210757-104;1.0
506;178962;Carlos Gomes;REPUBLICANOS;0;2275537-102;0.0
1350;178962;Carlos Gomes;REPUBLICANOS;0;531331-317;1.0
1755;178862;Tia Eron;REPUBLICANOS;0;2166595-59;1.0
136;204422;Ossesio Silva;REPUBLICANOS;0;2293449-187;1.0
187;204540;Maria Rosas;REPUBLICANOS;0;2293449-187;1.0
138;204425;Silvio Costa Filho;REPUBLICANOS;0;2293449-187;1.0
1800;204372;Julio Cesar Ribeiro;REPUBLICANOS;0;2166595-59;1.0
524;204356;Amaro Neto;REPUBLICANOS;0;2275537-102;0.0
1705;74366;João Campos;REPUBLICANOS;0;2166595-59;1.0
1333;178862;Tia Eron;REPUBLICANOS;0;531331-317;1.0
535;204373;Hélio Costa;REPUBLICANOS;1;2275537-102;1.0
1031;204540;Maria Rosas;REPUBLICANOS;0;2210757-104;1.0
820;204540;Maria Rosas;REPUBLICANOS;0;2165194-130;1.0
1283;74366;João Campos;REPUBLICANOS;0;531331-317;1.0
1713;109429;Benes Leocádio;REPUBLICANOS;0;2166595-59;1.0
17;74366;João Campos;REPUBLICANOS;0;2293449-187;1.0
1291;109429;Benes Leocádio;REPUBLICANOS;0;531331-317;1.0
556;204418;Luizão Goulart;REPUBLICANOS;0;2275537-102;0.0
1724;141555;Vinicius Carvalho;REPUBLICANOS;0;2166595-59;1.0
558;204422;Ossesio Silva;REPUBLICANOS;0;2275537-102;0.0
1091;141555;Vinicius Carvalho;REPUBLICANOS;0;2210757-93;1.0
534;204372;Julio Cesar Ribeiro;REPUBLICANOS;0;2275537-102;0.0
1368;204356;Amaro Neto;REPUBLICANOS;0;531331-317;1.0
880;141555;Vinicius Carvalho;REPUBLICANOS;0;2210757-104;1.0
1242;204540;Maria Rosas;REPUBLICANOS;0;2210757-93;1.0
458;141555;Vinicius Carvalho;REPUBLICANOS;0;2275537-102;0.0
1875;204540;Maria Rosas;REPUBLICANOS;0;2166595-59;1.0
236;109429;Benes Leocádio;REPUBLICANOS;0;2275537-117;0.0
1404;204425;Silvio Costa Filho;REPUBLICANOS;0;531331-317;1.0
102;204356;Amaro Neto;REPUBLICANOS;0;2293449-187;1.0
650;74366;João Campos;REPUBLICANOS;0;2165194-130;1.0
1402;204422;Ossesio Silva;REPUBLICANOS;0;531331-317;1.0
1790;204356;Amaro Neto;REPUBLICANOS;0;2166595-59;1.0
228;74366;João Campos;REPUBLICANOS;0;2275537-117;0.0
1400;204418;Luizão Goulart;REPUBLICANOS;0;531331-317;1.0
1886;204575;Gil Cutrim;REPUBLICANOS;0;2166595-59;1.0
1664;204540;Maria Rosas;REPUBLICANOS;0;531331-284;0.0
200;205550;Jorge Braz;REPUBLICANOS;0;2293449-187;1.0
1379;204373;Hélio Costa;REPUBLICANOS;1;531331-317;1.0
620;204575;Gil Cutrim;REPUBLICANOS;0;2275537-102;0.0
489;178862;Tia Eron;REPUBLICANOS;0;2275537-102;0.0
956;204372;Julio Cesar Ribeiro;REPUBLICANOS;0;2210757-104;1.0
833;205550;Jorge Braz;REPUBLICANOS;0;2165194-130;1.0
1772;178962;Carlos Gomes;REPUBLICANOS;0;2166595-59;1.0
957;204373;Hélio Costa;REPUBLICANOS;1;2210757-104;1.0
1044;205550;Jorge Braz;REPUBLICANOS;0;2210757-104;1.0
1677;205550;Jorge Braz;REPUBLICANOS;0;531331-284;0.0
982;204425;Silvio Costa Filho;REPUBLICANOS;0;2210757-104;1.0
1378;204372;Julio Cesar Ribeiro;REPUBLICANOS;0;531331-317;1.0
1675;204575;Gil Cutrim;REPUBLICANOS;0;531331-284;0.0
1042;204575;Gil Cutrim;REPUBLICANOS;0;2210757-104;1.0
113;204373;Hélio Costa;REPUBLICANOS;1;2293449-187;1.0
112;204372;Julio Cesar Ribeiro;REPUBLICANOS;0;2293449-187;1.0
622;205550;Jorge Braz;REPUBLICANOS;0;2275537-102;0.0
1092;143084;Tiago Dimas;SOLIDARIEDADE;1;2210757-93;1.0
37;143084;Tiago Dimas;SOLIDARIEDADE;1;2293449-187;1.0
1096;160512;Aureo Ribeiro;SOLIDARIEDADE;0;2210757-93;1.0
774;204434;Dra. Vanda Milani;SOLIDARIEDADE;0;2165194-130;1.0
1307;160512;Aureo Ribeiro;SOLIDARIEDADE;0;531331-317;1.0
1109;160632;Zé Silva;SOLIDARIEDADE;0;2210757-93;1.0
985;204434;Dra. Vanda Milani;SOLIDARIEDADE;0;2210757-104;1.0
1531;160632;Zé Silva;SOLIDARIEDADE;0;531331-284;0.0
352;204434;Dra. Vanda Milani;SOLIDARIEDADE;0;2275537-117;0.0
1518;160512;Aureo Ribeiro;SOLIDARIEDADE;0;531331-284;0.0
1514;143084;Tiago Dimas;SOLIDARIEDADE;1;531331-284;0.0
265;160632;Zé Silva;SOLIDARIEDADE;0;2275537-117;0.0
1618;204434;Dra. Vanda Milani;SOLIDARIEDADE;0;531331-284;0.0
252;160512;Aureo Ribeiro;SOLIDARIEDADE;0;2275537-117;0.0
248;143084;Tiago Dimas;SOLIDARIEDADE;1;2275537-117;0.0
1407;204434;Dra. Vanda Milani;SOLIDARIEDADE;0;531331-317;1.0
463;160512;Aureo Ribeiro;SOLIDARIEDADE;0;2275537-102;0.0
476;160632;Zé Silva;SOLIDARIEDADE;0;2275537-102;0.0
1320;160632;Zé Silva;SOLIDARIEDADE;0;531331-317;1.0
41;160512;Aureo Ribeiro;SOLIDARIEDADE;0;2293449-187;1.0
1725;143084;Tiago Dimas;SOLIDARIEDADE;1;2166595-59;1.0
1303;143084;Tiago Dimas;SOLIDARIEDADE;1;531331-317;1.0
563;204434;Dra. Vanda Milani;SOLIDARIEDADE;0;2275537-102;0.0
1742;160632;Zé Silva;SOLIDARIEDADE;0;2166595-59;1.0
141;204434;Dra. Vanda Milani;SOLIDARIEDADE;0;2293449-187;1.0
881;143084;Tiago Dimas;SOLIDARIEDADE;1;2210757-104;1.0
885;160512;Aureo Ribeiro;SOLIDARIEDADE;0;2210757-104;1.0
1196;204434;Dra. Vanda Milani;SOLIDARIEDADE;0;2210757-93;1.0
670;143084;Tiago Dimas;SOLIDARIEDADE;1;2165194-130;1.0
898;160632;Zé Silva;SOLIDARIEDADE;0;2210757-104;1.0
674;160512;Aureo Ribeiro;SOLIDARIEDADE;0;2165194-130;1.0
1829;204434;Dra. Vanda Milani;SOLIDARIEDADE;0;2166595-59;1.0
687;160632;Zé Silva;SOLIDARIEDADE;0;2165194-130;1.0
54;160632;Zé Silva;SOLIDARIEDADE;0;2293449-187;1.0
1729;160512;Aureo Ribeiro;SOLIDARIEDADE;0;2166595-59;1.0
459;143084;Tiago Dimas;SOLIDARIEDADE;1;2275537-102;1.0
